year,total_primary_energy_ej,fossil_energy_ej,oil_ej,gas_ej,coal_ej,nuclear_ej,hydro_ej,renewables_ej,non_fossil_energy_ej,fossil_share,non_fossil_share,component_reconciliation_error_ej
1965,149.6960972,145.7617334,64.82827806,22.69375378,58.23970155,0.278615174,3.323512944,0.332235124,3.93436381,0.9737176594,0.02628234058,-5.679999902e-07
1966,157.8151378,153.5433344,69.92165252,24.72773169,58.89395014,0.375635894,3.541741082,0.354427149,4.27180345,0.9729315989,0.0270684011,6.749999955e-07
1967,163.702903,159.2806541,74.79018084,26.54660961,57.94386365,0.447338335,3.620672458,0.354237784,4.4222489,0.9729861302,0.02701386975,-3.229999948e-07
1968,173.5518782,168.7824738,81.02350424,28.95965142,58.79931815,0.568507244,3.813439256,0.387458172,4.76940439,0.9725188547,0.02748114535,2.82000002e-07
1969,185.5587197,180.4384854,87.98892405,31.80036109,60.64920029,0.674000853,4.038272917,0.407959171,5.12023427,0.9724063936,0.02759360637,-1.329000042e-06
1970,197.7143287,192.1753423,96.04881572,34.61331034,61.51321625,0.860450805,4.228738932,0.449797294,5.53898639,0.9719849015,0.02801509848,6.409999855e-07
1971,205.5010322,199.4138545,101.2028081,37.05548367,61.15556271,1.196772844,4.418071751,0.472332919,6.08717772,0.970378846,0.02962115399,-2.059999815e-07
1972,216.9092364,210.1029328,109.1951513,39.10216784,61.8056137,1.660092533,4.624664452,0.521543869,6.80630356,0.9686214212,0.03137857877,-2.705999975e-06
1973,229.9090521,222.436032,117.8149842,40.96019755,63.6608503,2.224380866,4.690846502,0.557789293,7.47302005,0.9674957555,0.03250424453,-3.389e-06
1974,230.3666018,221.6972872,116.0146405,41.9754934,63.70715327,2.908364655,5.152433929,0.608517561,8.66931463,0.9623673112,0.03763268878,1.515000008e-06
1975,232.0180958,222.1275485,115.1889318,41.97505057,64.9635661,4.034707535,5.215980335,0.639858431,9.89054733,0.9573716554,0.04262834455,-1.028999975e-06
1976,245.0363376,234.4178487,122.6237161,44.47489971,67.31923289,4.720051865,5.195291789,0.703144503,10.6184889,0.9566656562,0.04333434381,-7.429999869e-07
1977,253.9876578,241.9992683,126.7011617,45.93541838,69.36268822,5.875067057,5.370020605,0.7433004,11.9883895,0.9527993226,0.0472006774,-1.437999998e-06
1978,263.5289294,250.1092211,132.1680418,47.85821085,70.08296846,6.826847957,5.811776436,0.781084967,13.41970829,0.9490769066,0.05092309342,1.070000053e-06
1979,272.1089963,258.0205902,133.860912,50.82559122,73.334087,7.100289761,6.102669988,0.88544425,14.08840608,0.9482251367,0.05177486328,-2.080999991e-06
1980,269.4714167,254.4625688,128.0487761,51.25377074,75.16002193,7.766446069,6.233937595,1.008464112,15.00884793,0.9443026347,0.05569736529,-1.540000198e-07
1981,268.0828809,251.4398818,123.444884,51.82618601,76.16881179,9.171826491,6.368052668,1.103118857,16.6429991,0.9379184562,0.06208154375,-1.083999962e-06
1982,266.5255343,248.8756905,119.7600762,52.0920783,77.02353604,9.951027736,6.483269219,1.215547068,17.64984376,0.9337780382,0.06622196183,2.63000004e-07
1983,270.8960834,251.4808438,119.1624951,52.93484697,79.38350171,11.27795684,6.759967994,1.377313213,19.41523962,0.9283295669,0.07167043309,-1.57300002e-06
1984,283.3781589,261.1389544,121.0577227,57.25084766,82.830384,13.68620114,6.988944321,1.564056794,22.23920454,0.9215211058,0.07847889416,-2.284999994e-06
1985,291.2294526,266.1862878,121.2523732,58.54565833,86.38825632,16.24278151,7.12527711,1.675108018,25.04316475,0.9140088184,0.08599118161,1.887999986e-06
1986,297.9215964,271.426298,124.9586483,59.11789976,87.34974998,17.39711709,7.221862978,1.876317877,26.49529836,0.9110662044,0.0889337956,-4.149999882e-07
1987,309.0941594,280.8595786,127.8205409,62.21648388,90.82255385,18.92436127,7.319492496,1.990728665,28.23458077,0.9086537875,0.09134621251,1.660999999e-06
1988,320.7638767,290.5411421,131.8819349,65.12012295,93.53908426,20.63181017,7.55405583,2.03686808,30.22273459,0.905778871,0.09422112895,-5.100000635e-07
1989,327.5366293,296.4740703,134.0431474,67.99914221,94.43178066,21.2182973,7.515313235,2.328950485,31.06255903,0.9051630986,0.09483690144,1.990000044e-06
1990,331.2480357,299.0564868,135.5883096,70.13466771,93.33350947,21.82468275,7.771039317,2.595825518,32.19154892,0.9028173892,0.09718261076,-1.334999979e-06
1991,333.6998363,300.180354,135.8169789,71.90221174,92.4611634,22.86883544,7.950758879,2.69988872,33.51948226,0.8995519967,0.1004480033,7.789999472e-07
1992,335.850863,302.0359972,137.7155001,72.22853936,92.09195772,23.04243082,7.949933192,2.822502747,33.81486582,0.8993158287,0.1006841713,9.389999605e-07
1993,337.8068984,302.6244039,137.1287661,72.9557356,92.53990219,23.83597732,8.428753884,2.917761945,35.18249451,0.8958502781,0.1041497219,-1.361000045e-06
1994,342.3203271,306.5282961,140.203254,73.40260741,92.92243465,24.28340392,8.481259556,3.027368683,35.79203104,0.8954428697,0.1045571303,1.119000046e-06
1995,349.1078974,311.749125,142.1882522,75.97617085,93.58470192,25.33668952,8.940200181,3.081882409,37.35877243,0.8929878908,0.1070121092,-3.200000265e-07
1996,359.4856193,320.9972771,145.4137279,79.77331883,95.8102304,26.25398123,9.060533501,3.173829773,38.48834217,0.8929349601,0.1070650399,2.334000044e-06
1997,362.8734883,324.2225806,149.2983977,79.30940981,95.61477309,26.07342809,9.220880787,3.356594343,38.6509077,0.8934865485,0.1065134515,-4.48000003e-06
1998,364.9897169,325.6403143,149.8656268,80.76239437,95.01229312,26.52212628,9.291360091,3.535916612,39.34940261,0.8921903802,0.1078096198,3.729999776e-07
1999,371.4345574,330.794721,152.3175288,83.05884953,95.4183427,27.53133436,9.36168728,3.746815343,40.63983637,0.8905868192,0.1094131808,6.129999974e-07
2000,381.5330344,339.9624104,154.7536485,86.37932843,98.82943348,28.15273696,9.528053202,3.889833553,41.57062399,0.8910431857,0.1089568143,-2.750000476e-07
2001,386.3027896,344.0905506,156.1953886,87.54059582,100.3545662,28.94767276,9.282992088,3.981568838,42.21223898,0.8907275844,0.1092724156,-5.294000005e-06
2002,395.038046,351.8926481,157.3836375,90.18694057,104.32207,29.41030596,9.454122885,4.280968337,43.14539793,0.8907816643,0.1092183357,-7.479999908e-07
2003,409.4534448,366.6299998,160.7535602,92.622616,113.2538236,28.8144056,9.442561417,4.566476121,42.823445,0.8954131525,0.1045868475,-1.862000033e-06
2004,429.7924253,384.521722,167.1067781,96.41601802,120.9989259,30.12391458,10.13951075,5.007280834,45.27070328,0.8946684478,0.1053315522,2.884000082e-06
2005,444.1031319,397.9916652,168.8083321,98.78218944,130.4011437,30.2029665,10.48051944,5.427980189,46.11146666,0.896169463,0.103830537,-5.31000012e-07
2006,457.1082843,409.6682828,170.8643978,101.4450803,137.3588047,30.57938868,10.88003479,5.980579327,47.4400015,0.8962171478,0.1037828522,1.29700004e-06
2007,471.4161605,423.5917649,172.835945,105.6216213,145.1341986,29.95601152,11.06067448,6.807709152,47.8243956,0.8985516416,0.1014483584,-4.480000371e-07
2008,475.8108789,426.4219728,171.3598758,108.186824,146.875273,29.86314254,11.70573463,7.820030313,49.3889061,0.896200553,0.103799447,1.38300004e-06
2009,467.7257147,418.0156348,167.62872,105.8519107,144.5350041,29.44057136,11.68680196,8.582703879,49.7100799,0.8937195918,0.1062804082,-2.700999971e-06
2010,490.4826836,438.354541,173.4888592,113.7357206,151.1299612,30.20258136,12.35603252,9.569532547,52.1281426,0.8937207279,0.1062792721,3.827000057e-06
2011,501.4939184,449.603014,175.0212121,116.4605083,158.1212936,28.9335179,12.57941364,10.37796954,51.8909044,0.8965273506,0.1034726494,-3.320000019e-06
2012,507.5484185,456.0785393,177.6434458,119.6319287,158.8031648,26.97117185,13.18044097,11.31827006,51.4698792,0.8985911938,0.1014088062,3.679999963e-06
2013,515.2191172,461.9614726,179.5143449,121.3325317,161.114596,27.16547554,13.64109762,12.45106848,53.2576446,0.8966310783,0.1033689217,-2.960000074e-06
2014,519.8700622,464.539001,180.9729403,122.0395351,161.5265256,27.72583373,14.00409503,13.60113849,55.3310612,0.8935675177,0.1064324823,6.049999911e-06
2015,523.7986315,466.8379357,184.6106264,124.9363537,157.2909556,28.1000227,13.96829469,14.89238134,56.9606958,0.8912545922,0.1087454078,2.929999937e-06
2016,528.8161583,469.8673119,188.0942778,127.986164,153.7868701,28.51695428,14.46342088,15.96847355,58.9488464,0.8885267678,0.1114732322,2.310000013e-06
2017,539.0181011,478.1912585,191.3146848,131.6198659,155.2567078,28.76725225,14.65067662,17.40891521,60.8268426,0.8871525048,0.1128474952,1.480000037e-06
2018,553.0252557,489.2876165,193.4189659,137.8353468,158.0333038,29.45163992,15.08230729,19.2036906,63.7376392,0.8847473266,0.1152526734,-1.389999966e-06
2019,556.6345305,490.3961925,193.5647818,140.5484054,156.2830053,30.51044664,15.2770233,20.82473167,66.238338,0.8810021039,0.1189978961,0.37386361
2020,532.7470406,465.908543,175.8929782,139.2950804,150.7204844,29.35864488,15.68836645,22.14166788,66.8384976,0.8745398989,0.1254601011,0.35018161
2021,560.010373,489.9764382,185.9154153,144.8372666,159.2237563,30.5749231,15.44550355,24.43744831,70.0339348,0.8749417186,0.1250582814,0.42394016
2022,568.5795394,497.481617,192.2567424,144.1423705,161.0825041,29.24073656,15.61050776,26.70170025,71.0979224,0.8749551866,0.1250448134,0.45502217
2023,579.1569023,505.1133886,196.7632795,144.5481569,163.8019522,29.85480227,15.35369649,29.25472749,74.0435137,0.8721529288,0.1278470712,0.41971255
2024,592.1786808,513.1165335,199.0404495,148.7249735,165.3511105,30.71233781,16.10328397,32.2448773,79.0621473,0.8664893724,0.1335106276,-0.00164822
2025,600.3129128,517.700476,200.973023,150.697257,166.030196,31.04063864,16.12498656,35.44681069,82.6124368,0.8623843748,0.1376156252,-9.100000398e-07
