commodity,year,production_tonnes,source_vintage,estimated,production_index_2015_100
cobalt,1901,180.0,"OWID USGS/BGS harmonization, updated 2025-12-15",False,0.14754098360655737
cobalt,1902,540.0,"OWID USGS/BGS harmonization, updated 2025-12-15",False,0.4426229508196721
cobalt,1903,640.0,"OWID USGS/BGS harmonization, updated 2025-12-15",False,0.5245901639344263
cobalt,1904,540.0,"OWID USGS/BGS harmonization, updated 2025-12-15",False,0.4426229508196721
cobalt,1905,450.0,"OWID USGS/BGS harmonization, updated 2025-12-15",False,0.36885245901639346
cobalt,1906,450.0,"OWID USGS/BGS harmonization, updated 2025-12-15",False,0.36885245901639346
cobalt,1907,910.0,"OWID USGS/BGS harmonization, updated 2025-12-15",False,0.7459016393442623
cobalt,1908,1360.0,"OWID USGS/BGS harmonization, updated 2025-12-15",False,1.1147540983606556
cobalt,1909,1450.0,"OWID USGS/BGS harmonization, updated 2025-12-15",False,1.1885245901639345
cobalt,1910,1000.0,"OWID USGS/BGS harmonization, updated 2025-12-15",False,0.819672131147541
cobalt,1911,820.0,"OWID USGS/BGS harmonization, updated 2025-12-15",False,0.6721311475409836
cobalt,1912,860.0,"OWID USGS/BGS harmonization, updated 2025-12-15",False,0.7049180327868853
cobalt,1913,820.0,"OWID USGS/BGS harmonization, updated 2025-12-15",False,0.6721311475409836
cobalt,1914,360.0,"OWID USGS/BGS harmonization, updated 2025-12-15",False,0.29508196721311475
cobalt,1915,230.0,"OWID USGS/BGS harmonization, updated 2025-12-15",False,0.1885245901639344
cobalt,1916,410.0,"OWID USGS/BGS harmonization, updated 2025-12-15",False,0.3360655737704918
cobalt,1917,360.0,"OWID USGS/BGS harmonization, updated 2025-12-15",False,0.29508196721311475
cobalt,1918,450.0,"OWID USGS/BGS harmonization, updated 2025-12-15",False,0.36885245901639346
cobalt,1919,360.0,"OWID USGS/BGS harmonization, updated 2025-12-15",False,0.29508196721311475
cobalt,1920,360.0,"OWID USGS/BGS harmonization, updated 2025-12-15",False,0.29508196721311475
cobalt,1921,180.0,"OWID USGS/BGS harmonization, updated 2025-12-15",False,0.14754098360655737
cobalt,1922,820.0,"OWID USGS/BGS harmonization, updated 2025-12-15",False,0.6721311475409836
cobalt,1923,640.0,"OWID USGS/BGS harmonization, updated 2025-12-15",False,0.5245901639344263
cobalt,1924,1090.0,"OWID USGS/BGS harmonization, updated 2025-12-15",False,0.8934426229508197
cobalt,1925,1090.0,"OWID USGS/BGS harmonization, updated 2025-12-15",False,0.8934426229508197
cobalt,1926,820.0,"OWID USGS/BGS harmonization, updated 2025-12-15",False,0.6721311475409836
cobalt,1927,1180.0,"OWID USGS/BGS harmonization, updated 2025-12-15",False,0.9672131147540983
cobalt,1928,1180.0,"OWID USGS/BGS harmonization, updated 2025-12-15",False,0.9672131147540983
cobalt,1929,1360.0,"OWID USGS/BGS harmonization, updated 2025-12-15",False,1.1147540983606556
cobalt,1930,1270.0,"OWID USGS/BGS harmonization, updated 2025-12-15",False,1.040983606557377
cobalt,1931,910.0,"OWID USGS/BGS harmonization, updated 2025-12-15",False,0.7459016393442623
cobalt,1932,1090.0,"OWID USGS/BGS harmonization, updated 2025-12-15",False,0.8934426229508197
cobalt,1933,1270.0,"OWID USGS/BGS harmonization, updated 2025-12-15",False,1.040983606557377
cobalt,1934,1450.0,"OWID USGS/BGS harmonization, updated 2025-12-15",False,1.1885245901639345
cobalt,1935,2000.0,"OWID USGS/BGS harmonization, updated 2025-12-15",False,1.639344262295082
cobalt,1936,2720.0,"OWID USGS/BGS harmonization, updated 2025-12-15",False,2.2295081967213113
cobalt,1937,3800.0,"OWID USGS/BGS harmonization, updated 2025-12-15",False,3.1147540983606556
cobalt,1938,4500.0,"OWID USGS/BGS harmonization, updated 2025-12-15",False,3.6885245901639343
cobalt,1939,4500.0,"OWID USGS/BGS harmonization, updated 2025-12-15",False,3.6885245901639343
cobalt,1940,5000.0,"OWID USGS/BGS harmonization, updated 2025-12-15",False,4.098360655737705
cobalt,1941,4000.0,"OWID USGS/BGS harmonization, updated 2025-12-15",False,3.278688524590164
cobalt,1942,3500.0,"OWID USGS/BGS harmonization, updated 2025-12-15",False,2.8688524590163933
cobalt,1943,4200.0,"OWID USGS/BGS harmonization, updated 2025-12-15",False,3.442622950819672
cobalt,1944,3900.0,"OWID USGS/BGS harmonization, updated 2025-12-15",False,3.19672131147541
cobalt,1945,4700.0,"OWID USGS/BGS harmonization, updated 2025-12-15",False,3.8524590163934427
cobalt,1946,3500.0,"OWID USGS/BGS harmonization, updated 2025-12-15",False,2.8688524590163933
cobalt,1947,5000.0,"OWID USGS/BGS harmonization, updated 2025-12-15",False,4.098360655737705
cobalt,1948,6100.0,"OWID USGS/BGS harmonization, updated 2025-12-15",False,5.0
cobalt,1949,5900.0,"OWID USGS/BGS harmonization, updated 2025-12-15",False,4.836065573770492
cobalt,1950,7170.0,"OWID USGS/BGS harmonization, updated 2025-12-15",False,5.877049180327869
cobalt,1951,8440.0,"OWID USGS/BGS harmonization, updated 2025-12-15",False,6.918032786885246
cobalt,1952,10100.0,"OWID USGS/BGS harmonization, updated 2025-12-15",False,8.278688524590164
cobalt,1953,11300.0,"OWID USGS/BGS harmonization, updated 2025-12-15",False,9.262295081967213
cobalt,1954,13100.0,"OWID USGS/BGS harmonization, updated 2025-12-15",False,10.737704918032787
cobalt,1955,13300.0,"OWID USGS/BGS harmonization, updated 2025-12-15",False,10.901639344262295
cobalt,1956,14400.0,"OWID USGS/BGS harmonization, updated 2025-12-15",False,11.80327868852459
cobalt,1957,14400.0,"OWID USGS/BGS harmonization, updated 2025-12-15",False,11.80327868852459
cobalt,1958,12600.0,"OWID USGS/BGS harmonization, updated 2025-12-15",False,10.327868852459016
cobalt,1959,14800.0,"OWID USGS/BGS harmonization, updated 2025-12-15",False,12.131147540983607
cobalt,1960,14200.0,"OWID USGS/BGS harmonization, updated 2025-12-15",False,11.639344262295081
cobalt,1961,14400.0,"OWID USGS/BGS harmonization, updated 2025-12-15",False,11.80327868852459
cobalt,1962,17100.0,"OWID USGS/BGS harmonization, updated 2025-12-15",False,14.01639344262295
cobalt,1963,14500.0,"OWID USGS/BGS harmonization, updated 2025-12-15",False,11.885245901639344
cobalt,1964,17800.0,"OWID USGS/BGS harmonization, updated 2025-12-15",False,14.59016393442623
cobalt,1965,19000.0,"OWID USGS/BGS harmonization, updated 2025-12-15",False,15.573770491803279
cobalt,1966,21800.0,"OWID USGS/BGS harmonization, updated 2025-12-15",False,17.868852459016395
cobalt,1967,20500.0,"OWID USGS/BGS harmonization, updated 2025-12-15",False,16.80327868852459
cobalt,1968,19600.0,"OWID USGS/BGS harmonization, updated 2025-12-15",False,16.065573770491802
cobalt,1969,20200.0,"OWID USGS/BGS harmonization, updated 2025-12-15",False,16.557377049180328
cobalt,1970,24200.0,"OWID USGS/BGS harmonization, updated 2025-12-15",False,19.83606557377049
cobalt,1971,25100.0,"OWID USGS/BGS harmonization, updated 2025-12-15",False,20.57377049180328
cobalt,1972,24800.0,"OWID USGS/BGS harmonization, updated 2025-12-15",False,20.327868852459016
cobalt,1973,29400.0,"OWID USGS/BGS harmonization, updated 2025-12-15",False,24.098360655737704
cobalt,1974,30900.0,"OWID USGS/BGS harmonization, updated 2025-12-15",False,25.327868852459016
cobalt,1975,30800.0,"OWID USGS/BGS harmonization, updated 2025-12-15",False,25.24590163934426
cobalt,1976,21400.0,"OWID USGS/BGS harmonization, updated 2025-12-15",False,17.540983606557376
cobalt,1977,21500.0,"OWID USGS/BGS harmonization, updated 2025-12-15",False,17.62295081967213
cobalt,1978,26800.0,"OWID USGS/BGS harmonization, updated 2025-12-15",False,21.9672131147541
cobalt,1979,29900.0,"OWID USGS/BGS harmonization, updated 2025-12-15",False,24.508196721311474
cobalt,1980,31300.0,"OWID USGS/BGS harmonization, updated 2025-12-15",False,25.65573770491803
cobalt,1981,30700.0,"OWID USGS/BGS harmonization, updated 2025-12-15",False,25.16393442622951
cobalt,1982,24600.0,"OWID USGS/BGS harmonization, updated 2025-12-15",False,20.16393442622951
cobalt,1983,37900.0,"OWID USGS/BGS harmonization, updated 2025-12-15",False,31.065573770491802
cobalt,1984,40900.0,"OWID USGS/BGS harmonization, updated 2025-12-15",False,33.52459016393443
cobalt,1985,47400.0,"OWID USGS/BGS harmonization, updated 2025-12-15",False,38.85245901639344
cobalt,1986,50200.0,"OWID USGS/BGS harmonization, updated 2025-12-15",False,41.14754098360656
cobalt,1987,41200.0,"OWID USGS/BGS harmonization, updated 2025-12-15",False,33.77049180327869
cobalt,1988,43800.0,"OWID USGS/BGS harmonization, updated 2025-12-15",False,35.90163934426229
cobalt,1989,42900.0,"OWID USGS/BGS harmonization, updated 2025-12-15",False,35.16393442622951
cobalt,1990,42300.0,"OWID USGS/BGS harmonization, updated 2025-12-15",False,34.67213114754098
cobalt,1991,33300.0,"OWID USGS/BGS harmonization, updated 2025-12-15",False,27.295081967213115
cobalt,1992,28000.0,"OWID USGS/BGS harmonization, updated 2025-12-15",False,22.950819672131146
cobalt,1993,21900.0,"OWID USGS/BGS harmonization, updated 2025-12-15",False,17.950819672131146
cobalt,1994,18000.0,"OWID USGS/BGS harmonization, updated 2025-12-15",False,14.754098360655737
cobalt,1995,24500.0,"OWID USGS/BGS harmonization, updated 2025-12-15",False,20.081967213114755
cobalt,1996,26200.0,"OWID USGS/BGS harmonization, updated 2025-12-15",False,21.475409836065573
cobalt,1997,27400.0,"OWID USGS/BGS harmonization, updated 2025-12-15",False,22.459016393442624
cobalt,1998,36300.0,"OWID USGS/BGS harmonization, updated 2025-12-15",False,29.75409836065574
cobalt,1999,33900.0,"OWID USGS/BGS harmonization, updated 2025-12-15",False,27.78688524590164
cobalt,2000,39000.0,"OWID USGS/BGS harmonization, updated 2025-12-15",False,31.9672131147541
cobalt,2001,46000.0,"OWID USGS/BGS harmonization, updated 2025-12-15",False,37.704918032786885
cobalt,2002,53400.0,"OWID USGS/BGS harmonization, updated 2025-12-15",False,43.77049180327869
cobalt,2003,54600.0,"OWID USGS/BGS harmonization, updated 2025-12-15",False,44.75409836065574
cobalt,2004,60300.0,"OWID USGS/BGS harmonization, updated 2025-12-15",False,49.42622950819672
cobalt,2005,65200.0,"OWID USGS/BGS harmonization, updated 2025-12-15",False,53.442622950819676
cobalt,2006,70000.0,"OWID USGS/BGS harmonization, updated 2025-12-15",False,57.377049180327866
cobalt,2007,73700.0,"OWID USGS/BGS harmonization, updated 2025-12-15",False,60.40983606557377
cobalt,2008,79900.0,"OWID USGS/BGS harmonization, updated 2025-12-15",False,65.49180327868852
cobalt,2009,81200.0,"OWID USGS/BGS harmonization, updated 2025-12-15",False,66.55737704918033
cobalt,2010,110000.0,"OWID USGS/BGS harmonization, updated 2025-12-15",False,90.1639344262295
cobalt,2011,102000.0,"OWID USGS/BGS harmonization, updated 2025-12-15",False,83.60655737704919
cobalt,2012,96800.0,"OWID USGS/BGS harmonization, updated 2025-12-15",False,79.34426229508196
cobalt,2013,103000.0,"OWID USGS/BGS harmonization, updated 2025-12-15",False,84.42622950819673
cobalt,2014,115000.0,"OWID USGS/BGS harmonization, updated 2025-12-15",False,94.26229508196721
cobalt,2015,122000.0,"OWID USGS/BGS harmonization, updated 2025-12-15",False,100.0
cobalt,2016,115000.0,"OWID USGS/BGS harmonization, updated 2025-12-15",False,94.26229508196721
cobalt,2017,128000.0,"OWID USGS/BGS harmonization, updated 2025-12-15",False,104.91803278688525
cobalt,2018,149000.0,"OWID USGS/BGS harmonization, updated 2025-12-15",False,122.1311475409836
cobalt,2019,155000.0,"OWID USGS/BGS harmonization, updated 2025-12-15",False,127.04918032786885
cobalt,2020,142000.0,"OWID USGS/BGS harmonization, updated 2025-12-15",False,116.39344262295081
cobalt,2021,165000.0,"OWID USGS/BGS harmonization, updated 2025-12-15",False,135.24590163934425
cobalt,2022,197000.0,"OWID USGS/BGS harmonization, updated 2025-12-15",False,161.47540983606558
cobalt,2023,238000.0,"OWID USGS/BGS harmonization, updated 2025-12-15",False,195.08196721311475
cobalt,2024,302000.0,USGS Mineral Commodity Summaries 2026 data release,True,247.54098360655738
cobalt,2025,310000.0,USGS Mineral Commodity Summaries 2026 data release,True,254.0983606557377
copper,1900,495000.0,"OWID USGS/BGS harmonization, updated 2025-12-15",False,2.564766839378238
copper,1901,526000.0,"OWID USGS/BGS harmonization, updated 2025-12-15",False,2.7253886010362693
copper,1902,555000.0,"OWID USGS/BGS harmonization, updated 2025-12-15",False,2.8756476683937824
copper,1903,596000.0,"OWID USGS/BGS harmonization, updated 2025-12-15",False,3.088082901554404
copper,1904,660000.0,"OWID USGS/BGS harmonization, updated 2025-12-15",False,3.4196891191709846
copper,1905,713000.0,"OWID USGS/BGS harmonization, updated 2025-12-15",False,3.694300518134715
copper,1906,724000.0,"OWID USGS/BGS harmonization, updated 2025-12-15",False,3.7512953367875648
copper,1907,721000.0,"OWID USGS/BGS harmonization, updated 2025-12-15",False,3.7357512953367875
copper,1908,744000.0,"OWID USGS/BGS harmonization, updated 2025-12-15",False,3.854922279792746
copper,1909,828000.0,"OWID USGS/BGS harmonization, updated 2025-12-15",False,4.290155440414508
copper,1910,858000.0,"OWID USGS/BGS harmonization, updated 2025-12-15",False,4.44559585492228
copper,1911,890000.0,"OWID USGS/BGS harmonization, updated 2025-12-15",False,4.61139896373057
copper,1912,1000000.0,"OWID USGS/BGS harmonization, updated 2025-12-15",False,5.181347150259067
copper,1913,996000.0,"OWID USGS/BGS harmonization, updated 2025-12-15",False,5.160621761658031
copper,1914,938000.0,"OWID USGS/BGS harmonization, updated 2025-12-15",False,4.860103626943006
copper,1915,1060000.0,"OWID USGS/BGS harmonization, updated 2025-12-15",False,5.492227979274611
copper,1916,1420000.0,"OWID USGS/BGS harmonization, updated 2025-12-15",False,7.357512953367876
copper,1917,1430000.0,"OWID USGS/BGS harmonization, updated 2025-12-15",False,7.409326424870466
copper,1918,1430000.0,"OWID USGS/BGS harmonization, updated 2025-12-15",False,7.409326424870466
copper,1919,994000.0,"OWID USGS/BGS harmonization, updated 2025-12-15",False,5.150259067357513
copper,1920,959000.0,"OWID USGS/BGS harmonization, updated 2025-12-15",False,4.9689119170984455
copper,1921,558000.0,"OWID USGS/BGS harmonization, updated 2025-12-15",False,2.8911917098445596
copper,1922,884000.0,"OWID USGS/BGS harmonization, updated 2025-12-15",False,4.580310880829016
copper,1923,1270000.0,"OWID USGS/BGS harmonization, updated 2025-12-15",False,6.580310880829016
copper,1924,1360000.0,"OWID USGS/BGS harmonization, updated 2025-12-15",False,7.046632124352332
copper,1925,1530000.0,"OWID USGS/BGS harmonization, updated 2025-12-15",False,7.927461139896373
copper,1926,1510000.0,"OWID USGS/BGS harmonization, updated 2025-12-15",False,7.823834196891192
copper,1927,1520000.0,"OWID USGS/BGS harmonization, updated 2025-12-15",False,7.875647668393782
copper,1928,1730000.0,"OWID USGS/BGS harmonization, updated 2025-12-15",False,8.963730569948186
copper,1929,1950000.0,"OWID USGS/BGS harmonization, updated 2025-12-15",False,10.103626943005182
copper,1930,1610000.0,"OWID USGS/BGS harmonization, updated 2025-12-15",False,8.341968911917098
copper,1931,1400000.0,"OWID USGS/BGS harmonization, updated 2025-12-15",False,7.253886010362694
copper,1932,909000.0,"OWID USGS/BGS harmonization, updated 2025-12-15",False,4.709844559585492
copper,1933,1050000.0,"OWID USGS/BGS harmonization, updated 2025-12-15",False,5.4404145077720205
copper,1934,1280000.0,"OWID USGS/BGS harmonization, updated 2025-12-15",False,6.632124352331606
copper,1935,1500000.0,"OWID USGS/BGS harmonization, updated 2025-12-15",False,7.772020725388601
copper,1936,1720000.0,"OWID USGS/BGS harmonization, updated 2025-12-15",False,8.911917098445596
copper,1937,2290000.0,"OWID USGS/BGS harmonization, updated 2025-12-15",False,11.865284974093264
copper,1938,1990000.0,"OWID USGS/BGS harmonization, updated 2025-12-15",False,10.310880829015543
copper,1939,2130000.0,"OWID USGS/BGS harmonization, updated 2025-12-15",False,11.036269430051814
copper,1940,2400000.0,"OWID USGS/BGS harmonization, updated 2025-12-15",False,12.435233160621761
copper,1941,2480000.0,"OWID USGS/BGS harmonization, updated 2025-12-15",False,12.849740932642487
copper,1942,2590000.0,"OWID USGS/BGS harmonization, updated 2025-12-15",False,13.419689119170984
copper,1943,2620000.0,"OWID USGS/BGS harmonization, updated 2025-12-15",False,13.575129533678757
copper,1944,2460000.0,"OWID USGS/BGS harmonization, updated 2025-12-15",False,12.746113989637307
copper,1945,2110000.0,"OWID USGS/BGS harmonization, updated 2025-12-15",False,10.932642487046632
copper,1946,1780000.0,"OWID USGS/BGS harmonization, updated 2025-12-15",False,9.22279792746114
copper,1947,2130000.0,"OWID USGS/BGS harmonization, updated 2025-12-15",False,11.036269430051814
copper,1948,2210000.0,"OWID USGS/BGS harmonization, updated 2025-12-15",False,11.450777202072539
copper,1949,2140000.0,"OWID USGS/BGS harmonization, updated 2025-12-15",False,11.088082901554404
copper,1950,2380000.0,"OWID USGS/BGS harmonization, updated 2025-12-15",False,12.33160621761658
copper,1951,2490000.0,"OWID USGS/BGS harmonization, updated 2025-12-15",False,12.901554404145077
copper,1952,2570000.0,"OWID USGS/BGS harmonization, updated 2025-12-15",False,13.316062176165802
copper,1953,2600000.0,"OWID USGS/BGS harmonization, updated 2025-12-15",False,13.471502590673575
copper,1954,2640000.0,"OWID USGS/BGS harmonization, updated 2025-12-15",False,13.678756476683938
copper,1955,2900000.0,"OWID USGS/BGS harmonization, updated 2025-12-15",False,15.025906735751295
copper,1956,3200000.0,"OWID USGS/BGS harmonization, updated 2025-12-15",False,16.580310880829014
copper,1957,3300000.0,"OWID USGS/BGS harmonization, updated 2025-12-15",False,17.098445595854923
copper,1958,3190000.0,"OWID USGS/BGS harmonization, updated 2025-12-15",False,16.528497409326423
copper,1959,3430000.0,"OWID USGS/BGS harmonization, updated 2025-12-15",False,17.7720207253886
copper,1960,3940000.0,"OWID USGS/BGS harmonization, updated 2025-12-15",False,20.414507772020727
copper,1961,4090000.0,"OWID USGS/BGS harmonization, updated 2025-12-15",False,21.191709844559586
copper,1962,4220000.0,"OWID USGS/BGS harmonization, updated 2025-12-15",False,21.865284974093264
copper,1963,4290000.0,"OWID USGS/BGS harmonization, updated 2025-12-15",False,22.2279792746114
copper,1964,4450000.0,"OWID USGS/BGS harmonization, updated 2025-12-15",False,23.05699481865285
copper,1965,4660000.0,"OWID USGS/BGS harmonization, updated 2025-12-15",False,24.145077720207254
copper,1966,4580000.0,"OWID USGS/BGS harmonization, updated 2025-12-15",False,23.730569948186528
copper,1967,4630000.0,"OWID USGS/BGS harmonization, updated 2025-12-15",False,23.989637305699482
copper,1968,5010000.0,"OWID USGS/BGS harmonization, updated 2025-12-15",False,25.958549222797927
copper,1969,5520000.0,"OWID USGS/BGS harmonization, updated 2025-12-15",False,28.60103626943005
copper,1970,5900000.0,"OWID USGS/BGS harmonization, updated 2025-12-15",False,30.569948186528496
copper,1971,5940000.0,"OWID USGS/BGS harmonization, updated 2025-12-15",False,30.77720207253886
copper,1972,6540000.0,"OWID USGS/BGS harmonization, updated 2025-12-15",False,33.8860103626943
copper,1973,6920000.0,"OWID USGS/BGS harmonization, updated 2025-12-15",False,35.854922279792746
copper,1974,7100000.0,"OWID USGS/BGS harmonization, updated 2025-12-15",False,36.78756476683938
copper,1975,6740000.0,"OWID USGS/BGS harmonization, updated 2025-12-15",False,34.92227979274612
copper,1976,7260000.0,"OWID USGS/BGS harmonization, updated 2025-12-15",False,37.61658031088083
copper,1977,7420000.0,"OWID USGS/BGS harmonization, updated 2025-12-15",False,38.44559585492228
copper,1978,7280000.0,"OWID USGS/BGS harmonization, updated 2025-12-15",False,37.72020725388601
copper,1979,7350000.0,"OWID USGS/BGS harmonization, updated 2025-12-15",False,38.082901554404145
copper,1980,7200000.0,"OWID USGS/BGS harmonization, updated 2025-12-15",False,37.30569948186528
copper,1981,7690000.0,"OWID USGS/BGS harmonization, updated 2025-12-15",False,39.84455958549223
copper,1982,7580000.0,"OWID USGS/BGS harmonization, updated 2025-12-15",False,39.27461139896373
copper,1983,7610000.0,"OWID USGS/BGS harmonization, updated 2025-12-15",False,39.4300518134715
copper,1984,7810000.0,"OWID USGS/BGS harmonization, updated 2025-12-15",False,40.46632124352332
copper,1985,7990000.0,"OWID USGS/BGS harmonization, updated 2025-12-15",False,41.398963730569946
copper,1986,7940000.0,"OWID USGS/BGS harmonization, updated 2025-12-15",False,41.13989637305699
copper,1987,8240000.0,"OWID USGS/BGS harmonization, updated 2025-12-15",False,42.69430051813472
copper,1988,8720000.0,"OWID USGS/BGS harmonization, updated 2025-12-15",False,45.181347150259064
copper,1989,9040000.0,"OWID USGS/BGS harmonization, updated 2025-12-15",False,46.83937823834197
copper,1990,9200000.0,"OWID USGS/BGS harmonization, updated 2025-12-15",False,47.66839378238342
copper,1991,9330000.0,"OWID USGS/BGS harmonization, updated 2025-12-15",False,48.3419689119171
copper,1992,9470000.0,"OWID USGS/BGS harmonization, updated 2025-12-15",False,49.067357512953365
copper,1993,9490000.0,"OWID USGS/BGS harmonization, updated 2025-12-15",False,49.170984455958546
copper,1994,9500000.0,"OWID USGS/BGS harmonization, updated 2025-12-15",False,49.22279792746114
copper,1995,10000000.0,"OWID USGS/BGS harmonization, updated 2025-12-15",False,51.81347150259067
copper,1996,11000000.0,"OWID USGS/BGS harmonization, updated 2025-12-15",False,56.994818652849744
copper,1997,11500000.0,"OWID USGS/BGS harmonization, updated 2025-12-15",False,59.58549222797927
copper,1998,12100000.0,"OWID USGS/BGS harmonization, updated 2025-12-15",False,62.69430051813472
copper,1999,12800000.0,"OWID USGS/BGS harmonization, updated 2025-12-15",False,66.32124352331606
copper,2000,13300000.0,"OWID USGS/BGS harmonization, updated 2025-12-15",False,68.9119170984456
copper,2001,13700000.0,"OWID USGS/BGS harmonization, updated 2025-12-15",False,70.98445595854922
copper,2002,13600000.0,"OWID USGS/BGS harmonization, updated 2025-12-15",False,70.46632124352331
copper,2003,13800000.0,"OWID USGS/BGS harmonization, updated 2025-12-15",False,71.50259067357513
copper,2004,14700000.0,"OWID USGS/BGS harmonization, updated 2025-12-15",False,76.16580310880829
copper,2005,15000000.0,"OWID USGS/BGS harmonization, updated 2025-12-15",False,77.72020725388602
copper,2006,15100000.0,"OWID USGS/BGS harmonization, updated 2025-12-15",False,78.23834196891191
copper,2007,15500000.0,"OWID USGS/BGS harmonization, updated 2025-12-15",False,80.31088082901555
copper,2008,15600000.0,"OWID USGS/BGS harmonization, updated 2025-12-15",False,80.82901554404145
copper,2009,16000000.0,"OWID USGS/BGS harmonization, updated 2025-12-15",False,82.90155440414507
copper,2010,16100000.0,"OWID USGS/BGS harmonization, updated 2025-12-15",False,83.41968911917098
copper,2011,16100000.0,"OWID USGS/BGS harmonization, updated 2025-12-15",False,83.41968911917098
copper,2012,16700000.0,"OWID USGS/BGS harmonization, updated 2025-12-15",False,86.52849740932642
copper,2013,18400000.0,"OWID USGS/BGS harmonization, updated 2025-12-15",False,95.33678756476684
copper,2014,18600000.0,"OWID USGS/BGS harmonization, updated 2025-12-15",False,96.37305699481865
copper,2015,19300000.0,"OWID USGS/BGS harmonization, updated 2025-12-15",False,100.0
copper,2016,20500000.0,"OWID USGS/BGS harmonization, updated 2025-12-15",False,106.21761658031087
copper,2017,20100000.0,"OWID USGS/BGS harmonization, updated 2025-12-15",False,104.14507772020725
copper,2018,20600000.0,"OWID USGS/BGS harmonization, updated 2025-12-15",False,106.73575129533678
copper,2019,20400000.0,"OWID USGS/BGS harmonization, updated 2025-12-15",False,105.69948186528498
copper,2020,20600000.0,"OWID USGS/BGS harmonization, updated 2025-12-15",False,106.73575129533678
copper,2021,21200000.0,"OWID USGS/BGS harmonization, updated 2025-12-15",False,109.84455958549223
copper,2022,21900000.0,"OWID USGS/BGS harmonization, updated 2025-12-15",False,113.47150259067358
copper,2023,22600000.0,"OWID USGS/BGS harmonization, updated 2025-12-15",False,117.09844559585493
copper,2024,23000000.0,USGS Mineral Commodity Summaries 2026 data release,False,119.17098445595855
copper,2025,23000000.0,USGS Mineral Commodity Summaries 2026 data release,True,119.17098445595855
graphite,1900,81600.0,"OWID USGS/BGS harmonization, updated 2025-12-15",False,8.898582333696838
graphite,1901,77100.0,"OWID USGS/BGS harmonization, updated 2025-12-15",False,8.407851690294438
graphite,1902,81600.0,"OWID USGS/BGS harmonization, updated 2025-12-15",False,8.898582333696838
graphite,1903,77100.0,"OWID USGS/BGS harmonization, updated 2025-12-15",False,8.407851690294438
graphite,1904,77100.0,"OWID USGS/BGS harmonization, updated 2025-12-15",False,8.407851690294438
graphite,1905,90700.0,"OWID USGS/BGS harmonization, updated 2025-12-15",False,9.890948745910578
graphite,1906,104000.0,"OWID USGS/BGS harmonization, updated 2025-12-15",False,11.34133042529989
graphite,1907,109000.0,"OWID USGS/BGS harmonization, updated 2025-12-15",False,11.886586695747
graphite,1908,95300.0,"OWID USGS/BGS harmonization, updated 2025-12-15",False,10.39258451472192
graphite,1909,95300.0,"OWID USGS/BGS harmonization, updated 2025-12-15",False,10.39258451472192
graphite,1910,95300.0,"OWID USGS/BGS harmonization, updated 2025-12-15",False,10.39258451472192
graphite,1911,109000.0,"OWID USGS/BGS harmonization, updated 2025-12-15",False,11.886586695747
graphite,1912,118000.0,"OWID USGS/BGS harmonization, updated 2025-12-15",False,12.868047982551799
graphite,1913,136000.0,"OWID USGS/BGS harmonization, updated 2025-12-15",False,14.830970556161397
graphite,1914,104000.0,"OWID USGS/BGS harmonization, updated 2025-12-15",False,11.34133042529989
graphite,1915,113000.0,"OWID USGS/BGS harmonization, updated 2025-12-15",False,12.322791712104689
graphite,1916,172000.0,"OWID USGS/BGS harmonization, updated 2025-12-15",False,18.75681570338059
graphite,1917,209000.0,"OWID USGS/BGS harmonization, updated 2025-12-15",False,22.791712104689203
graphite,1918,181000.0,"OWID USGS/BGS harmonization, updated 2025-12-15",False,19.738276990185387
graphite,1919,122000.0,"OWID USGS/BGS harmonization, updated 2025-12-15",False,13.304252998909487
graphite,1920,118000.0,"OWID USGS/BGS harmonization, updated 2025-12-15",False,12.868047982551799
graphite,1921,90700.0,"OWID USGS/BGS harmonization, updated 2025-12-15",False,9.890948745910578
graphite,1922,104000.0,"OWID USGS/BGS harmonization, updated 2025-12-15",False,11.34133042529989
graphite,1923,95300.0,"OWID USGS/BGS harmonization, updated 2025-12-15",False,10.39258451472192
graphite,1924,95300.0,"OWID USGS/BGS harmonization, updated 2025-12-15",False,10.39258451472192
graphite,1925,122000.0,"OWID USGS/BGS harmonization, updated 2025-12-15",False,13.304252998909487
graphite,1926,136000.0,"OWID USGS/BGS harmonization, updated 2025-12-15",False,14.830970556161397
graphite,1927,154000.0,"OWID USGS/BGS harmonization, updated 2025-12-15",False,16.793893129770993
graphite,1928,150000.0,"OWID USGS/BGS harmonization, updated 2025-12-15",False,16.357688113413303
graphite,1929,150000.0,"OWID USGS/BGS harmonization, updated 2025-12-15",False,16.357688113413303
graphite,1930,118000.0,"OWID USGS/BGS harmonization, updated 2025-12-15",False,12.868047982551799
graphite,1931,77100.0,"OWID USGS/BGS harmonization, updated 2025-12-15",False,8.407851690294438
graphite,1932,72600.0,"OWID USGS/BGS harmonization, updated 2025-12-15",False,7.917121046892039
graphite,1933,86200.0,"OWID USGS/BGS harmonization, updated 2025-12-15",False,9.400218102508179
graphite,1934,109000.0,"OWID USGS/BGS harmonization, updated 2025-12-15",False,11.886586695747
graphite,1935,145000.0,"OWID USGS/BGS harmonization, updated 2025-12-15",False,15.812431842966195
graphite,1936,150000.0,"OWID USGS/BGS harmonization, updated 2025-12-15",False,16.357688113413303
graphite,1937,159000.0,"OWID USGS/BGS harmonization, updated 2025-12-15",False,17.3391494002181
graphite,1938,177000.0,"OWID USGS/BGS harmonization, updated 2025-12-15",False,19.302071973827697
graphite,1939,222000.0,"OWID USGS/BGS harmonization, updated 2025-12-15",False,24.20937840785169
graphite,1940,254000.0,"OWID USGS/BGS harmonization, updated 2025-12-15",False,27.699018538713194
graphite,1941,231000.0,"OWID USGS/BGS harmonization, updated 2025-12-15",False,25.19083969465649
graphite,1942,272000.0,"OWID USGS/BGS harmonization, updated 2025-12-15",False,29.661941112322793
graphite,1943,277000.0,"OWID USGS/BGS harmonization, updated 2025-12-15",False,30.207197382769902
graphite,1944,263000.0,"OWID USGS/BGS harmonization, updated 2025-12-15",False,28.680479825517992
graphite,1945,136000.0,"OWID USGS/BGS harmonization, updated 2025-12-15",False,14.830970556161397
graphite,1946,95300.0,"OWID USGS/BGS harmonization, updated 2025-12-15",False,10.39258451472192
graphite,1947,122000.0,"OWID USGS/BGS harmonization, updated 2025-12-15",False,13.304252998909487
graphite,1948,163000.0,"OWID USGS/BGS harmonization, updated 2025-12-15",False,17.77535441657579
graphite,1949,168000.0,"OWID USGS/BGS harmonization, updated 2025-12-15",False,18.3206106870229
graphite,1950,159000.0,"OWID USGS/BGS harmonization, updated 2025-12-15",False,17.3391494002181
graphite,1951,195000.0,"OWID USGS/BGS harmonization, updated 2025-12-15",False,21.264994547437297
graphite,1952,177000.0,"OWID USGS/BGS harmonization, updated 2025-12-15",False,19.302071973827697
graphite,1953,168000.0,"OWID USGS/BGS harmonization, updated 2025-12-15",False,18.3206106870229
graphite,1954,168000.0,"OWID USGS/BGS harmonization, updated 2025-12-15",False,18.3206106870229
graphite,1955,272000.0,"OWID USGS/BGS harmonization, updated 2025-12-15",False,29.661941112322793
graphite,1956,263000.0,"OWID USGS/BGS harmonization, updated 2025-12-15",False,28.680479825517992
graphite,1957,372000.0,"OWID USGS/BGS harmonization, updated 2025-12-15",False,40.567066521265
graphite,1958,318000.0,"OWID USGS/BGS harmonization, updated 2025-12-15",False,34.6782988004362
graphite,1959,372000.0,"OWID USGS/BGS harmonization, updated 2025-12-15",False,40.567066521265
graphite,1960,435000.0,"OWID USGS/BGS harmonization, updated 2025-12-15",False,47.43729552889858
graphite,1961,413000.0,"OWID USGS/BGS harmonization, updated 2025-12-15",False,45.038167938931295
graphite,1962,535000.0,"OWID USGS/BGS harmonization, updated 2025-12-15",False,58.342420937840785
graphite,1963,679000.0,"OWID USGS/BGS harmonization, updated 2025-12-15",False,74.04580152671755
graphite,1964,620000.0,"OWID USGS/BGS harmonization, updated 2025-12-15",False,67.61177753544166
graphite,1965,607000.0,"OWID USGS/BGS harmonization, updated 2025-12-15",False,66.19411123227917
graphite,1966,484000.0,"OWID USGS/BGS harmonization, updated 2025-12-15",False,52.780806979280264
graphite,1967,358000.0,"OWID USGS/BGS harmonization, updated 2025-12-15",False,39.040348964013084
graphite,1968,437000.0,"OWID USGS/BGS harmonization, updated 2025-12-15",False,47.655398037077425
graphite,1969,376000.0,"OWID USGS/BGS harmonization, updated 2025-12-15",False,41.00327153762268
graphite,1970,393000.0,"OWID USGS/BGS harmonization, updated 2025-12-15",False,42.857142857142854
graphite,1971,394000.0,"OWID USGS/BGS harmonization, updated 2025-12-15",False,42.96619411123228
graphite,1972,361000.0,"OWID USGS/BGS harmonization, updated 2025-12-15",False,39.36750272628135
graphite,1973,395000.0,"OWID USGS/BGS harmonization, updated 2025-12-15",False,43.0752453653217
graphite,1974,497000.0,"OWID USGS/BGS harmonization, updated 2025-12-15",False,54.19847328244275
graphite,1975,451000.0,"OWID USGS/BGS harmonization, updated 2025-12-15",False,49.18211559432933
graphite,1976,449000.0,"OWID USGS/BGS harmonization, updated 2025-12-15",False,48.96401308615049
graphite,1977,493000.0,"OWID USGS/BGS harmonization, updated 2025-12-15",False,53.76226826608506
graphite,1978,534000.0,"OWID USGS/BGS harmonization, updated 2025-12-15",False,58.23336968375136
graphite,1979,626000.0,"OWID USGS/BGS harmonization, updated 2025-12-15",False,68.2660850599782
graphite,1980,597000.0,"OWID USGS/BGS harmonization, updated 2025-12-15",False,65.10359869138495
graphite,1981,589000.0,"OWID USGS/BGS harmonization, updated 2025-12-15",False,64.23118865866958
graphite,1982,562000.0,"OWID USGS/BGS harmonization, updated 2025-12-15",False,61.28680479825518
graphite,1983,604000.0,"OWID USGS/BGS harmonization, updated 2025-12-15",False,65.8669574700109
graphite,1984,625000.0,"OWID USGS/BGS harmonization, updated 2025-12-15",False,68.15703380588877
graphite,1985,584000.0,"OWID USGS/BGS harmonization, updated 2025-12-15",False,63.68593238822246
graphite,1986,625000.0,"OWID USGS/BGS harmonization, updated 2025-12-15",False,68.15703380588877
graphite,1987,643000.0,"OWID USGS/BGS harmonization, updated 2025-12-15",False,70.11995637949836
graphite,1988,575000.0,"OWID USGS/BGS harmonization, updated 2025-12-15",False,62.70447110141767
graphite,1989,1010000.0,"OWID USGS/BGS harmonization, updated 2025-12-15",False,110.14176663031625
graphite,1990,946000.0,"OWID USGS/BGS harmonization, updated 2025-12-15",False,103.16248636859324
graphite,1991,771000.0,"OWID USGS/BGS harmonization, updated 2025-12-15",False,84.07851690294439
graphite,1992,670000.0,"OWID USGS/BGS harmonization, updated 2025-12-15",False,73.06434023991275
graphite,1993,648000.0,"OWID USGS/BGS harmonization, updated 2025-12-15",False,70.66521264994547
graphite,1994,517000.0,"OWID USGS/BGS harmonization, updated 2025-12-15",False,56.37949836423119
graphite,1995,584000.0,"OWID USGS/BGS harmonization, updated 2025-12-15",False,63.68593238822246
graphite,1996,555000.0,"OWID USGS/BGS harmonization, updated 2025-12-15",False,60.523446019629226
graphite,1997,685000.0,"OWID USGS/BGS harmonization, updated 2025-12-15",False,74.70010905125409
graphite,1998,651000.0,"OWID USGS/BGS harmonization, updated 2025-12-15",False,70.99236641221374
graphite,1999,692000.0,"OWID USGS/BGS harmonization, updated 2025-12-15",False,75.46346782988005
graphite,2000,846000.0,"OWID USGS/BGS harmonization, updated 2025-12-15",False,92.25736095965104
graphite,2001,816000.0,"OWID USGS/BGS harmonization, updated 2025-12-15",False,88.98582333696838
graphite,2002,932000.0,"OWID USGS/BGS harmonization, updated 2025-12-15",False,101.63576881134134
graphite,2003,999000.0,"OWID USGS/BGS harmonization, updated 2025-12-15",False,108.94220283533261
graphite,2004,1010000.0,"OWID USGS/BGS harmonization, updated 2025-12-15",False,110.14176663031625
graphite,2005,1030000.0,"OWID USGS/BGS harmonization, updated 2025-12-15",False,112.32279171210469
graphite,2006,1020000.0,"OWID USGS/BGS harmonization, updated 2025-12-15",False,111.23227917121046
graphite,2007,1120000.0,"OWID USGS/BGS harmonization, updated 2025-12-15",False,122.13740458015268
graphite,2008,1050000.0,"OWID USGS/BGS harmonization, updated 2025-12-15",False,114.50381679389314
graphite,2009,746000.0,"OWID USGS/BGS harmonization, updated 2025-12-15",False,81.35223555070883
graphite,2010,1040000.0,"OWID USGS/BGS harmonization, updated 2025-12-15",False,113.41330425299891
graphite,2011,1190000.0,"OWID USGS/BGS harmonization, updated 2025-12-15",False,129.7709923664122
graphite,2012,1210000.0,"OWID USGS/BGS harmonization, updated 2025-12-15",False,131.95201744820065
graphite,2013,699000.0,"OWID USGS/BGS harmonization, updated 2025-12-15",False,76.226826608506
graphite,2014,905000.0,"OWID USGS/BGS harmonization, updated 2025-12-15",False,98.69138495092693
graphite,2015,917000.0,"OWID USGS/BGS harmonization, updated 2025-12-15",False,100.0
graphite,2016,917000.0,"OWID USGS/BGS harmonization, updated 2025-12-15",False,100.0
graphite,2017,1270000.0,"OWID USGS/BGS harmonization, updated 2025-12-15",False,138.49509269356597
graphite,2018,1490000.0,"OWID USGS/BGS harmonization, updated 2025-12-15",False,162.48636859323884
graphite,2019,1520000.0,"OWID USGS/BGS harmonization, updated 2025-12-15",False,165.75790621592148
graphite,2020,966000.0,"OWID USGS/BGS harmonization, updated 2025-12-15",False,105.34351145038168
graphite,2021,1130000.0,"OWID USGS/BGS harmonization, updated 2025-12-15",False,123.22791712104689
graphite,2022,1680000.0,"OWID USGS/BGS harmonization, updated 2025-12-15",False,183.206106870229
graphite,2023,1530000.0,"OWID USGS/BGS harmonization, updated 2025-12-15",False,166.8484187568157
graphite,2024,1550000.0,USGS Mineral Commodity Summaries 2026 data release,False,169.02944383860415
graphite,2025,1800000.0,USGS Mineral Commodity Summaries 2026 data release,True,196.29225736095964
lithium,2000,14100.0,"OWID USGS/BGS harmonization, updated 2025-12-15",False,43.7888198757764
lithium,2001,13100.0,"OWID USGS/BGS harmonization, updated 2025-12-15",False,40.683229813664596
lithium,2002,14100.0,"OWID USGS/BGS harmonization, updated 2025-12-15",False,43.7888198757764
lithium,2003,16600.0,"OWID USGS/BGS harmonization, updated 2025-12-15",False,51.5527950310559
lithium,2004,17700.0,"OWID USGS/BGS harmonization, updated 2025-12-15",False,54.96894409937888
lithium,2005,20300.0,"OWID USGS/BGS harmonization, updated 2025-12-15",False,63.04347826086956
lithium,2006,22400.0,"OWID USGS/BGS harmonization, updated 2025-12-15",False,69.56521739130434
lithium,2007,23300.0,"OWID USGS/BGS harmonization, updated 2025-12-15",False,72.36024844720497
lithium,2008,24700.0,"OWID USGS/BGS harmonization, updated 2025-12-15",False,76.7080745341615
lithium,2009,17500.0,"OWID USGS/BGS harmonization, updated 2025-12-15",False,54.34782608695652
lithium,2010,24400.0,"OWID USGS/BGS harmonization, updated 2025-12-15",False,75.77639751552795
lithium,2011,31000.0,"OWID USGS/BGS harmonization, updated 2025-12-15",False,96.27329192546584
lithium,2012,32700.0,"OWID USGS/BGS harmonization, updated 2025-12-15",False,101.5527950310559
lithium,2013,30300.0,"OWID USGS/BGS harmonization, updated 2025-12-15",False,94.09937888198758
lithium,2014,31600.0,"OWID USGS/BGS harmonization, updated 2025-12-15",False,98.13664596273291
lithium,2015,32200.0,"OWID USGS/BGS harmonization, updated 2025-12-15",False,100.0
lithium,2016,40200.0,"OWID USGS/BGS harmonization, updated 2025-12-15",False,124.84472049689441
lithium,2017,76400.0,"OWID USGS/BGS harmonization, updated 2025-12-15",False,237.26708074534162
lithium,2018,91800.0,"OWID USGS/BGS harmonization, updated 2025-12-15",False,285.09316770186336
lithium,2019,83800.0,"OWID USGS/BGS harmonization, updated 2025-12-15",False,260.24844720496895
lithium,2020,82500.0,"OWID USGS/BGS harmonization, updated 2025-12-15",False,256.2111801242236
lithium,2021,107000.0,"OWID USGS/BGS harmonization, updated 2025-12-15",False,332.29813664596276
lithium,2022,146000.0,"OWID USGS/BGS harmonization, updated 2025-12-15",False,453.41614906832297
lithium,2023,204000.0,"OWID USGS/BGS harmonization, updated 2025-12-15",False,633.5403726708074
lithium,2024,222000.0,USGS Mineral Commodity Summaries 2026 data release,True,689.4409937888199
lithium,2025,290000.0,USGS Mineral Commodity Summaries 2026 data release,True,900.6211180124224
nickel,1900,9290.0,"OWID USGS/BGS harmonization, updated 2025-12-15",False,0.44028436018957345
nickel,1901,11400.0,"OWID USGS/BGS harmonization, updated 2025-12-15",False,0.5402843601895735
nickel,1902,12200.0,"OWID USGS/BGS harmonization, updated 2025-12-15",False,0.5781990521327014
nickel,1903,10200.0,"OWID USGS/BGS harmonization, updated 2025-12-15",False,0.4834123222748815
nickel,1904,10500.0,"OWID USGS/BGS harmonization, updated 2025-12-15",False,0.4976303317535545
nickel,1905,15600.0,"OWID USGS/BGS harmonization, updated 2025-12-15",False,0.7393364928909952
nickel,1906,16000.0,"OWID USGS/BGS harmonization, updated 2025-12-15",False,0.7582938388625592
nickel,1907,16300.0,"OWID USGS/BGS harmonization, updated 2025-12-15",False,0.7725118483412322
nickel,1908,14900.0,"OWID USGS/BGS harmonization, updated 2025-12-15",False,0.7061611374407583
nickel,1909,17000.0,"OWID USGS/BGS harmonization, updated 2025-12-15",False,0.8056872037914692
nickel,1910,23100.0,"OWID USGS/BGS harmonization, updated 2025-12-15",False,1.09478672985782
nickel,1911,25200.0,"OWID USGS/BGS harmonization, updated 2025-12-15",False,1.1943127962085307
nickel,1912,27900.0,"OWID USGS/BGS harmonization, updated 2025-12-15",False,1.3222748815165877
nickel,1913,32200.0,"OWID USGS/BGS harmonization, updated 2025-12-15",False,1.5260663507109005
nickel,1914,30000.0,"OWID USGS/BGS harmonization, updated 2025-12-15",False,1.4218009478672986
nickel,1915,39100.0,"OWID USGS/BGS harmonization, updated 2025-12-15",False,1.853080568720379
nickel,1916,45500.0,"OWID USGS/BGS harmonization, updated 2025-12-15",False,2.156398104265403
nickel,1917,46200.0,"OWID USGS/BGS harmonization, updated 2025-12-15",False,2.18957345971564
nickel,1918,47600.0,"OWID USGS/BGS harmonization, updated 2025-12-15",False,2.255924170616114
nickel,1919,23100.0,"OWID USGS/BGS harmonization, updated 2025-12-15",False,1.09478672985782
nickel,1920,35700.0,"OWID USGS/BGS harmonization, updated 2025-12-15",False,1.6919431279620853
nickel,1921,10400.0,"OWID USGS/BGS harmonization, updated 2025-12-15",False,0.4928909952606635
nickel,1922,11800.0,"OWID USGS/BGS harmonization, updated 2025-12-15",False,0.5592417061611374
nickel,1923,31100.0,"OWID USGS/BGS harmonization, updated 2025-12-15",False,1.4739336492890995
nickel,1924,35300.0,"OWID USGS/BGS harmonization, updated 2025-12-15",False,1.6729857819905214
nickel,1925,37100.0,"OWID USGS/BGS harmonization, updated 2025-12-15",False,1.7582938388625593
nickel,1926,33900.0,"OWID USGS/BGS harmonization, updated 2025-12-15",False,1.6066350710900474
nickel,1927,34500.0,"OWID USGS/BGS harmonization, updated 2025-12-15",False,1.6350710900473933
nickel,1928,50300.0,"OWID USGS/BGS harmonization, updated 2025-12-15",False,2.3838862559241707
nickel,1929,56300.0,"OWID USGS/BGS harmonization, updated 2025-12-15",False,2.6682464454976302
nickel,1930,54200.0,"OWID USGS/BGS harmonization, updated 2025-12-15",False,2.5687203791469195
nickel,1931,36300.0,"OWID USGS/BGS harmonization, updated 2025-12-15",False,1.7203791469194314
nickel,1932,21800.0,"OWID USGS/BGS harmonization, updated 2025-12-15",False,1.033175355450237
nickel,1933,46300.0,"OWID USGS/BGS harmonization, updated 2025-12-15",False,2.1943127962085307
nickel,1934,71600.0,"OWID USGS/BGS harmonization, updated 2025-12-15",False,3.3933649289099526
nickel,1935,77400.0,"OWID USGS/BGS harmonization, updated 2025-12-15",False,3.6682464454976302
nickel,1936,93400.0,"OWID USGS/BGS harmonization, updated 2025-12-15",False,4.42654028436019
nickel,1937,120000.0,"OWID USGS/BGS harmonization, updated 2025-12-15",False,5.687203791469194
nickel,1938,115000.0,"OWID USGS/BGS harmonization, updated 2025-12-15",False,5.450236966824645
nickel,1939,122000.0,"OWID USGS/BGS harmonization, updated 2025-12-15",False,5.781990521327014
nickel,1940,140000.0,"OWID USGS/BGS harmonization, updated 2025-12-15",False,6.6350710900473935
nickel,1941,162000.0,"OWID USGS/BGS harmonization, updated 2025-12-15",False,7.677725118483412
nickel,1942,158000.0,"OWID USGS/BGS harmonization, updated 2025-12-15",False,7.488151658767772
nickel,1943,167000.0,"OWID USGS/BGS harmonization, updated 2025-12-15",False,7.914691943127962
nickel,1944,157000.0,"OWID USGS/BGS harmonization, updated 2025-12-15",False,7.440758293838862
nickel,1945,145000.0,"OWID USGS/BGS harmonization, updated 2025-12-15",False,6.872037914691943
nickel,1946,123000.0,"OWID USGS/BGS harmonization, updated 2025-12-15",False,5.829383886255924
nickel,1947,140000.0,"OWID USGS/BGS harmonization, updated 2025-12-15",False,6.6350710900473935
nickel,1948,151000.0,"OWID USGS/BGS harmonization, updated 2025-12-15",False,7.156398104265403
nickel,1949,146000.0,"OWID USGS/BGS harmonization, updated 2025-12-15",False,6.919431279620853
nickel,1950,145000.0,"OWID USGS/BGS harmonization, updated 2025-12-15",False,6.872037914691943
nickel,1951,132000.0,"OWID USGS/BGS harmonization, updated 2025-12-15",False,6.2559241706161135
nickel,1952,146000.0,"OWID USGS/BGS harmonization, updated 2025-12-15",False,6.919431279620853
nickel,1953,198000.0,"OWID USGS/BGS harmonization, updated 2025-12-15",False,9.383886255924171
nickel,1954,216000.0,"OWID USGS/BGS harmonization, updated 2025-12-15",False,10.236966824644549
nickel,1955,239000.0,"OWID USGS/BGS harmonization, updated 2025-12-15",False,11.327014218009479
nickel,1956,259000.0,"OWID USGS/BGS harmonization, updated 2025-12-15",False,12.274881516587678
nickel,1957,286000.0,"OWID USGS/BGS harmonization, updated 2025-12-15",False,13.554502369668246
nickel,1958,224000.0,"OWID USGS/BGS harmonization, updated 2025-12-15",False,10.616113744075829
nickel,1959,285000.0,"OWID USGS/BGS harmonization, updated 2025-12-15",False,13.507109004739336
nickel,1960,320000.0,"OWID USGS/BGS harmonization, updated 2025-12-15",False,15.165876777251185
nickel,1961,361000.0,"OWID USGS/BGS harmonization, updated 2025-12-15",False,17.10900473933649
nickel,1962,357000.0,"OWID USGS/BGS harmonization, updated 2025-12-15",False,16.919431279620852
nickel,1963,339000.0,"OWID USGS/BGS harmonization, updated 2025-12-15",False,16.066350710900473
nickel,1964,371000.0,"OWID USGS/BGS harmonization, updated 2025-12-15",False,17.582938388625593
nickel,1965,425000.0,"OWID USGS/BGS harmonization, updated 2025-12-15",False,20.14218009478673
nickel,1966,412000.0,"OWID USGS/BGS harmonization, updated 2025-12-15",False,19.526066350710902
nickel,1967,449000.0,"OWID USGS/BGS harmonization, updated 2025-12-15",False,21.27962085308057
nickel,1968,497000.0,"OWID USGS/BGS harmonization, updated 2025-12-15",False,23.554502369668246
nickel,1969,487000.0,"OWID USGS/BGS harmonization, updated 2025-12-15",False,23.080568720379148
nickel,1970,628000.0,"OWID USGS/BGS harmonization, updated 2025-12-15",False,29.76303317535545
nickel,1971,637000.0,"OWID USGS/BGS harmonization, updated 2025-12-15",False,30.18957345971564
nickel,1972,611000.0,"OWID USGS/BGS harmonization, updated 2025-12-15",False,28.95734597156398
nickel,1973,710000.0,"OWID USGS/BGS harmonization, updated 2025-12-15",False,33.649289099526065
nickel,1974,770000.0,"OWID USGS/BGS harmonization, updated 2025-12-15",False,36.492890995260666
nickel,1975,802000.0,"OWID USGS/BGS harmonization, updated 2025-12-15",False,38.00947867298578
nickel,1976,792000.0,"OWID USGS/BGS harmonization, updated 2025-12-15",False,37.535545023696685
nickel,1977,828000.0,"OWID USGS/BGS harmonization, updated 2025-12-15",False,39.241706161137444
nickel,1978,658000.0,"OWID USGS/BGS harmonization, updated 2025-12-15",False,31.18483412322275
nickel,1979,686000.0,"OWID USGS/BGS harmonization, updated 2025-12-15",False,32.51184834123223
nickel,1980,779000.0,"OWID USGS/BGS harmonization, updated 2025-12-15",False,36.91943127962085
nickel,1981,726000.0,"OWID USGS/BGS harmonization, updated 2025-12-15",False,34.40758293838863
nickel,1982,621000.0,"OWID USGS/BGS harmonization, updated 2025-12-15",False,29.43127962085308
nickel,1983,673000.0,"OWID USGS/BGS harmonization, updated 2025-12-15",False,31.895734597156398
nickel,1984,773000.0,"OWID USGS/BGS harmonization, updated 2025-12-15",False,36.63507109004739
nickel,1985,813000.0,"OWID USGS/BGS harmonization, updated 2025-12-15",False,38.53080568720379
nickel,1986,852000.0,"OWID USGS/BGS harmonization, updated 2025-12-15",False,40.37914691943128
nickel,1987,891000.0,"OWID USGS/BGS harmonization, updated 2025-12-15",False,42.22748815165877
nickel,1988,952000.0,"OWID USGS/BGS harmonization, updated 2025-12-15",False,45.11848341232228
nickel,1989,987000.0,"OWID USGS/BGS harmonization, updated 2025-12-15",False,46.77725118483412
nickel,1990,974000.0,"OWID USGS/BGS harmonization, updated 2025-12-15",False,46.161137440758296
nickel,1991,1010000.0,"OWID USGS/BGS harmonization, updated 2025-12-15",False,47.867298578199055
nickel,1992,1010000.0,"OWID USGS/BGS harmonization, updated 2025-12-15",False,47.867298578199055
nickel,1993,928000.0,"OWID USGS/BGS harmonization, updated 2025-12-15",False,43.981042654028435
nickel,1994,932000.0,"OWID USGS/BGS harmonization, updated 2025-12-15",False,44.170616113744074
nickel,1995,1040000.0,"OWID USGS/BGS harmonization, updated 2025-12-15",False,49.28909952606635
nickel,1996,1060000.0,"OWID USGS/BGS harmonization, updated 2025-12-15",False,50.23696682464455
nickel,1997,1140000.0,"OWID USGS/BGS harmonization, updated 2025-12-15",False,54.02843601895734
nickel,1998,1180000.0,"OWID USGS/BGS harmonization, updated 2025-12-15",False,55.92417061611374
nickel,1999,1170000.0,"OWID USGS/BGS harmonization, updated 2025-12-15",False,55.45023696682465
nickel,2000,1290000.0,"OWID USGS/BGS harmonization, updated 2025-12-15",False,61.13744075829384
nickel,2001,1350000.0,"OWID USGS/BGS harmonization, updated 2025-12-15",False,63.981042654028435
nickel,2002,1350000.0,"OWID USGS/BGS harmonization, updated 2025-12-15",False,63.981042654028435
nickel,2003,1370000.0,"OWID USGS/BGS harmonization, updated 2025-12-15",False,64.92890995260663
nickel,2004,1350000.0,"OWID USGS/BGS harmonization, updated 2025-12-15",False,63.981042654028435
nickel,2005,1460000.0,"OWID USGS/BGS harmonization, updated 2025-12-15",False,69.19431279620854
nickel,2006,1570000.0,"OWID USGS/BGS harmonization, updated 2025-12-15",False,74.40758293838863
nickel,2007,1740000.0,"OWID USGS/BGS harmonization, updated 2025-12-15",False,82.46445497630332
nickel,2008,1630000.0,"OWID USGS/BGS harmonization, updated 2025-12-15",False,77.25118483412322
nickel,2009,1410000.0,"OWID USGS/BGS harmonization, updated 2025-12-15",False,66.82464454976304
nickel,2010,1710000.0,"OWID USGS/BGS harmonization, updated 2025-12-15",False,81.04265402843602
nickel,2011,2340000.0,"OWID USGS/BGS harmonization, updated 2025-12-15",False,110.9004739336493
nickel,2012,2570000.0,"OWID USGS/BGS harmonization, updated 2025-12-15",False,121.80094786729858
nickel,2013,2610000.0,"OWID USGS/BGS harmonization, updated 2025-12-15",False,123.69668246445498
nickel,2014,2130000.0,"OWID USGS/BGS harmonization, updated 2025-12-15",False,100.9478672985782
nickel,2015,2110000.0,"OWID USGS/BGS harmonization, updated 2025-12-15",False,100.0
nickel,2016,2000000.0,"OWID USGS/BGS harmonization, updated 2025-12-15",False,94.7867298578199
nickel,2017,2190000.0,"OWID USGS/BGS harmonization, updated 2025-12-15",False,103.7914691943128
nickel,2018,2380000.0,"OWID USGS/BGS harmonization, updated 2025-12-15",False,112.79620853080569
nickel,2019,2590000.0,"OWID USGS/BGS harmonization, updated 2025-12-15",False,122.74881516587678
nickel,2020,2510000.0,"OWID USGS/BGS harmonization, updated 2025-12-15",False,118.95734597156398
nickel,2021,2730000.0,"OWID USGS/BGS harmonization, updated 2025-12-15",False,129.38388625592418
nickel,2022,3270000.0,"OWID USGS/BGS harmonization, updated 2025-12-15",False,154.97630331753555
nickel,2023,3750000.0,"OWID USGS/BGS harmonization, updated 2025-12-15",False,177.72511848341233
nickel,2024,3710000.0,USGS Mineral Commodity Summaries 2026 data release,False,175.82938388625593
nickel,2025,3900000.0,USGS Mineral Commodity Summaries 2026 data release,True,184.83412322274881
rare_earths,1900,1040.0,"OWID USGS/BGS harmonization, updated 2025-12-15",False,0.8062015503875969
rare_earths,1901,1090.0,"OWID USGS/BGS harmonization, updated 2025-12-15",False,0.8449612403100775
rare_earths,1902,863.0,"OWID USGS/BGS harmonization, updated 2025-12-15",False,0.6689922480620155
rare_earths,1903,2030.0,"OWID USGS/BGS harmonization, updated 2025-12-15",False,1.573643410852713
rare_earths,1904,2860.0,"OWID USGS/BGS harmonization, updated 2025-12-15",False,2.2170542635658914
rare_earths,1905,2780.0,"OWID USGS/BGS harmonization, updated 2025-12-15",False,2.1550387596899223
rare_earths,1906,2600.0,"OWID USGS/BGS harmonization, updated 2025-12-15",False,2.0155038759689923
rare_earths,1907,2580.0,"OWID USGS/BGS harmonization, updated 2025-12-15",False,2.0
rare_earths,1908,2840.0,"OWID USGS/BGS harmonization, updated 2025-12-15",False,2.201550387596899
rare_earths,1909,3690.0,"OWID USGS/BGS harmonization, updated 2025-12-15",False,2.86046511627907
rare_earths,1910,3020.0,"OWID USGS/BGS harmonization, updated 2025-12-15",False,2.3410852713178296
rare_earths,1911,2490.0,"OWID USGS/BGS harmonization, updated 2025-12-15",False,1.930232558139535
rare_earths,1912,2500.0,"OWID USGS/BGS harmonization, updated 2025-12-15",False,1.937984496124031
rare_earths,1913,1480.0,"OWID USGS/BGS harmonization, updated 2025-12-15",False,1.1472868217054264
rare_earths,1914,992.0,"OWID USGS/BGS harmonization, updated 2025-12-15",False,0.7689922480620155
rare_earths,1915,870.0,"OWID USGS/BGS harmonization, updated 2025-12-15",False,0.6744186046511628
rare_earths,1916,731.0,"OWID USGS/BGS harmonization, updated 2025-12-15",False,0.5666666666666667
rare_earths,1917,1730.0,"OWID USGS/BGS harmonization, updated 2025-12-15",False,1.3410852713178294
rare_earths,1918,1470.0,"OWID USGS/BGS harmonization, updated 2025-12-15",False,1.1395348837209303
rare_earths,1919,1210.0,"OWID USGS/BGS harmonization, updated 2025-12-15",False,0.937984496124031
rare_earths,1920,1590.0,"OWID USGS/BGS harmonization, updated 2025-12-15",False,1.2325581395348837
rare_earths,1921,929.0,"OWID USGS/BGS harmonization, updated 2025-12-15",False,0.7201550387596899
rare_earths,1922,189.0,"OWID USGS/BGS harmonization, updated 2025-12-15",False,0.14651162790697675
rare_earths,1923,138.0,"OWID USGS/BGS harmonization, updated 2025-12-15",False,0.10697674418604651
rare_earths,1924,348.0,"OWID USGS/BGS harmonization, updated 2025-12-15",False,0.26976744186046514
rare_earths,1925,12.0,"OWID USGS/BGS harmonization, updated 2025-12-15",False,0.009302325581395349
rare_earths,1926,146.0,"OWID USGS/BGS harmonization, updated 2025-12-15",False,0.11317829457364341
rare_earths,1927,352.0,"OWID USGS/BGS harmonization, updated 2025-12-15",False,0.27286821705426356
rare_earths,1928,180.0,"OWID USGS/BGS harmonization, updated 2025-12-15",False,0.13953488372093023
rare_earths,1929,197.0,"OWID USGS/BGS harmonization, updated 2025-12-15",False,0.15271317829457365
rare_earths,1930,17.0,"OWID USGS/BGS harmonization, updated 2025-12-15",False,0.01317829457364341
rare_earths,1931,50.0,"OWID USGS/BGS harmonization, updated 2025-12-15",False,0.03875968992248062
rare_earths,1932,530.0,"OWID USGS/BGS harmonization, updated 2025-12-15",False,0.4108527131782946
rare_earths,1933,302.0,"OWID USGS/BGS harmonization, updated 2025-12-15",False,0.23410852713178296
rare_earths,1934,564.0,"OWID USGS/BGS harmonization, updated 2025-12-15",False,0.4372093023255814
rare_earths,1935,2130.0,"OWID USGS/BGS harmonization, updated 2025-12-15",False,1.6511627906976745
rare_earths,1936,1840.0,"OWID USGS/BGS harmonization, updated 2025-12-15",False,1.426356589147287
rare_earths,1937,2150.0,"OWID USGS/BGS harmonization, updated 2025-12-15",False,1.6666666666666667
rare_earths,1938,3310.0,"OWID USGS/BGS harmonization, updated 2025-12-15",False,2.565891472868217
rare_earths,1939,2510.0,"OWID USGS/BGS harmonization, updated 2025-12-15",False,1.945736434108527
rare_earths,1940,2370.0,"OWID USGS/BGS harmonization, updated 2025-12-15",False,1.8372093023255813
rare_earths,1941,2380.0,"OWID USGS/BGS harmonization, updated 2025-12-15",False,1.8449612403100775
rare_earths,1942,1500.0,"OWID USGS/BGS harmonization, updated 2025-12-15",False,1.1627906976744187
rare_earths,1943,1900.0,"OWID USGS/BGS harmonization, updated 2025-12-15",False,1.4728682170542635
rare_earths,1944,3200.0,"OWID USGS/BGS harmonization, updated 2025-12-15",False,2.4806201550387597
rare_earths,1945,1440.0,"OWID USGS/BGS harmonization, updated 2025-12-15",False,1.1162790697674418
rare_earths,1946,721.0,"OWID USGS/BGS harmonization, updated 2025-12-15",False,0.5589147286821705
rare_earths,1947,1300.0,"OWID USGS/BGS harmonization, updated 2025-12-15",False,1.0077519379844961
rare_earths,1948,2720.0,"OWID USGS/BGS harmonization, updated 2025-12-15",False,2.108527131782946
rare_earths,1949,1290.0,"OWID USGS/BGS harmonization, updated 2025-12-15",False,1.0
rare_earths,1950,470.0,"OWID USGS/BGS harmonization, updated 2025-12-15",False,0.3643410852713178
rare_earths,1951,1240.0,"OWID USGS/BGS harmonization, updated 2025-12-15",False,0.9612403100775194
rare_earths,1952,1820.0,"OWID USGS/BGS harmonization, updated 2025-12-15",False,1.4108527131782946
rare_earths,1953,3960.0,"OWID USGS/BGS harmonization, updated 2025-12-15",False,3.0697674418604652
rare_earths,1954,7840.0,"OWID USGS/BGS harmonization, updated 2025-12-15",False,6.077519379844961
rare_earths,1955,5760.0,"OWID USGS/BGS harmonization, updated 2025-12-15",False,4.465116279069767
rare_earths,1956,5230.0,"OWID USGS/BGS harmonization, updated 2025-12-15",False,4.054263565891473
rare_earths,1957,5980.0,"OWID USGS/BGS harmonization, updated 2025-12-15",False,4.635658914728682
rare_earths,1958,8060.0,"OWID USGS/BGS harmonization, updated 2025-12-15",False,6.248062015503876
rare_earths,1959,2810.0,"OWID USGS/BGS harmonization, updated 2025-12-15",False,2.1782945736434107
rare_earths,1960,2270.0,"OWID USGS/BGS harmonization, updated 2025-12-15",False,1.7596899224806202
rare_earths,1961,3690.0,"OWID USGS/BGS harmonization, updated 2025-12-15",False,2.86046511627907
rare_earths,1962,8020.0,"OWID USGS/BGS harmonization, updated 2025-12-15",False,6.217054263565892
rare_earths,1963,6060.0,"OWID USGS/BGS harmonization, updated 2025-12-15",False,4.6976744186046515
rare_earths,1964,3680.0,"OWID USGS/BGS harmonization, updated 2025-12-15",False,2.852713178294574
rare_earths,1965,6960.0,"OWID USGS/BGS harmonization, updated 2025-12-15",False,5.395348837209302
rare_earths,1966,16200.0,"OWID USGS/BGS harmonization, updated 2025-12-15",False,12.55813953488372
rare_earths,1967,16900.0,"OWID USGS/BGS harmonization, updated 2025-12-15",False,13.10077519379845
rare_earths,1968,16200.0,"OWID USGS/BGS harmonization, updated 2025-12-15",False,12.55813953488372
rare_earths,1969,18100.0,"OWID USGS/BGS harmonization, updated 2025-12-15",False,14.031007751937985
rare_earths,1970,15900.0,"OWID USGS/BGS harmonization, updated 2025-12-15",False,12.325581395348838
rare_earths,1971,16400.0,"OWID USGS/BGS harmonization, updated 2025-12-15",False,12.713178294573643
rare_earths,1972,18200.0,"OWID USGS/BGS harmonization, updated 2025-12-15",False,14.108527131782946
rare_earths,1973,24000.0,"OWID USGS/BGS harmonization, updated 2025-12-15",False,18.6046511627907
rare_earths,1974,25600.0,"OWID USGS/BGS harmonization, updated 2025-12-15",False,19.844961240310077
rare_earths,1975,22100.0,"OWID USGS/BGS harmonization, updated 2025-12-15",False,17.131782945736433
rare_earths,1976,19700.0,"OWID USGS/BGS harmonization, updated 2025-12-15",False,15.271317829457365
rare_earths,1977,24500.0,"OWID USGS/BGS harmonization, updated 2025-12-15",False,18.992248062015506
rare_earths,1978,26500.0,"OWID USGS/BGS harmonization, updated 2025-12-15",False,20.54263565891473
rare_earths,1979,28800.0,"OWID USGS/BGS harmonization, updated 2025-12-15",False,22.325581395348838
rare_earths,1980,27300.0,"OWID USGS/BGS harmonization, updated 2025-12-15",False,21.162790697674417
rare_earths,1981,30600.0,"OWID USGS/BGS harmonization, updated 2025-12-15",False,23.72093023255814
rare_earths,1982,26600.0,"OWID USGS/BGS harmonization, updated 2025-12-15",False,20.62015503875969
rare_earths,1983,31400.0,"OWID USGS/BGS harmonization, updated 2025-12-15",False,24.34108527131783
rare_earths,1984,41400.0,"OWID USGS/BGS harmonization, updated 2025-12-15",False,32.093023255813954
rare_earths,1985,43500.0,"OWID USGS/BGS harmonization, updated 2025-12-15",False,33.72093023255814
rare_earths,1986,39900.0,"OWID USGS/BGS harmonization, updated 2025-12-15",False,30.930232558139537
rare_earths,1987,46900.0,"OWID USGS/BGS harmonization, updated 2025-12-15",False,36.35658914728682
rare_earths,1988,55300.0,"OWID USGS/BGS harmonization, updated 2025-12-15",False,42.86821705426357
rare_earths,1989,60700.0,"OWID USGS/BGS harmonization, updated 2025-12-15",False,47.054263565891475
rare_earths,1990,52900.0,"OWID USGS/BGS harmonization, updated 2025-12-15",False,41.007751937984494
rare_earths,1991,41700.0,"OWID USGS/BGS harmonization, updated 2025-12-15",False,32.325581395348834
rare_earths,1992,50100.0,"OWID USGS/BGS harmonization, updated 2025-12-15",False,38.83720930232558
rare_earths,1993,46700.0,"OWID USGS/BGS harmonization, updated 2025-12-15",False,36.201550387596896
rare_earths,1994,55100.0,"OWID USGS/BGS harmonization, updated 2025-12-15",False,42.713178294573645
rare_earths,1995,74300.0,"OWID USGS/BGS harmonization, updated 2025-12-15",False,57.5968992248062
rare_earths,1996,79700.0,"OWID USGS/BGS harmonization, updated 2025-12-15",False,61.78294573643411
rare_earths,1997,68300.0,"OWID USGS/BGS harmonization, updated 2025-12-15",False,52.945736434108525
rare_earths,1998,77100.0,"OWID USGS/BGS harmonization, updated 2025-12-15",False,59.76744186046512
rare_earths,1999,86600.0,"OWID USGS/BGS harmonization, updated 2025-12-15",False,67.13178294573643
rare_earths,2000,90900.0,"OWID USGS/BGS harmonization, updated 2025-12-15",False,70.46511627906976
rare_earths,2001,94500.0,"OWID USGS/BGS harmonization, updated 2025-12-15",False,73.25581395348837
rare_earths,2002,98200.0,"OWID USGS/BGS harmonization, updated 2025-12-15",False,76.12403100775194
rare_earths,2003,97100.0,"OWID USGS/BGS harmonization, updated 2025-12-15",False,75.27131782945736
rare_earths,2004,102000.0,"OWID USGS/BGS harmonization, updated 2025-12-15",False,79.06976744186046
rare_earths,2005,122000.0,"OWID USGS/BGS harmonization, updated 2025-12-15",False,94.57364341085271
rare_earths,2006,137000.0,"OWID USGS/BGS harmonization, updated 2025-12-15",False,106.2015503875969
rare_earths,2007,124000.0,"OWID USGS/BGS harmonization, updated 2025-12-15",False,96.12403100775194
rare_earths,2008,132000.0,"OWID USGS/BGS harmonization, updated 2025-12-15",False,102.32558139534883
rare_earths,2009,135000.0,"OWID USGS/BGS harmonization, updated 2025-12-15",False,104.65116279069767
rare_earths,2010,101000.0,"OWID USGS/BGS harmonization, updated 2025-12-15",False,78.29457364341086
rare_earths,2011,104000.0,"OWID USGS/BGS harmonization, updated 2025-12-15",False,80.62015503875969
rare_earths,2012,106000.0,"OWID USGS/BGS harmonization, updated 2025-12-15",False,82.17054263565892
rare_earths,2013,107000.0,"OWID USGS/BGS harmonization, updated 2025-12-15",False,82.94573643410853
rare_earths,2014,125000.0,"OWID USGS/BGS harmonization, updated 2025-12-15",False,96.89922480620154
rare_earths,2015,129000.0,"OWID USGS/BGS harmonization, updated 2025-12-15",False,100.0
rare_earths,2016,133000.0,"OWID USGS/BGS harmonization, updated 2025-12-15",False,103.10077519379846
rare_earths,2017,147000.0,"OWID USGS/BGS harmonization, updated 2025-12-15",False,113.95348837209302
rare_earths,2018,190000.0,"OWID USGS/BGS harmonization, updated 2025-12-15",False,147.28682170542635
rare_earths,2019,219000.0,"OWID USGS/BGS harmonization, updated 2025-12-15",False,169.7674418604651
rare_earths,2020,240000.0,"OWID USGS/BGS harmonization, updated 2025-12-15",False,186.04651162790697
rare_earths,2021,290000.0,"OWID USGS/BGS harmonization, updated 2025-12-15",False,224.80620155038758
rare_earths,2022,300000.0,"OWID USGS/BGS harmonization, updated 2025-12-15",False,232.5581395348837
rare_earths,2023,376000.0,"OWID USGS/BGS harmonization, updated 2025-12-15",False,291.47286821705427
rare_earths,2024,380000.0,USGS Mineral Commodity Summaries 2026 data release,True,294.5736434108527
rare_earths,2025,390000.0,USGS Mineral Commodity Summaries 2026 data release,True,302.3255813953488
