Year,Country,CountryCode,Variable,VariableCode,UnconsolidatedVariableCode,UnconsolidatedVariableName,Value,UnitType,Metadata
2020,Afghanistan,004,"MVA (Manufacturing Value Added), constant 2020 USD",MvaCod,MvaCod,"MVA (Manufacturing Value Added), constant 2020 USD",1.50434175719856E9,$,
2020,Afghanistan,004,"MVA (Manufacturing Value Added), current USD",MvaCud,MvaCud,"MVA (Manufacturing Value Added), current USD",1.50434175719856E9,$,
2020,Afghanistan,004,Population,Pop,Pop,Population,3.9068979E7,N,
2020,Albania,008,"MVA (Manufacturing Value Added), constant 2020 USD",MvaCod,MvaCod,"MVA (Manufacturing Value Added), constant 2020 USD",1.07748182236539E9,$,
2020,Albania,008,"MVA (Manufacturing Value Added), current USD",MvaCud,MvaCud,"MVA (Manufacturing Value Added), current USD",1.07748182236539E9,$,
2020,Albania,008,Population,Pop,Pop,Population,2871954.0,N,
2020,Algeria,012,"MVA (Manufacturing Value Added), constant 2020 USD",MvaCod,MvaCod,"MVA (Manufacturing Value Added), constant 2020 USD",1.03579992553843E10,$,
2020,Algeria,012,"MVA (Manufacturing Value Added), current USD",MvaCud,MvaCud,"MVA (Manufacturing Value Added), current USD",1.03579992553843E10,$,
2020,Algeria,012,Population,Pop,Pop,Population,4.4042091E7,N,
2020,Andorra,020,"MVA (Manufacturing Value Added), constant 2020 USD",MvaCod,MvaCod,"MVA (Manufacturing Value Added), constant 2020 USD",1.07937532295718E8,$,
2020,Andorra,020,"MVA (Manufacturing Value Added), current USD",MvaCud,MvaCud,"MVA (Manufacturing Value Added), current USD",1.07937532295718E8,$,
2020,Andorra,020,Population,Pop,Pop,Population,77380.0,N,
2020,Angola,024,"MVA (Manufacturing Value Added), constant 2020 USD",MvaCod,MvaCod,"MVA (Manufacturing Value Added), constant 2020 USD",4.05461006172749E9,$,
2020,Angola,024,"MVA (Manufacturing Value Added), current USD",MvaCud,MvaCud,"MVA (Manufacturing Value Added), current USD",4.05461006172749E9,$,
2020,Angola,024,Population,Pop,Pop,Population,3.3451132E7,N,
2020,Anguilla,660,"MVA (Manufacturing Value Added), constant 2020 USD",MvaCod,MvaCod,"MVA (Manufacturing Value Added), constant 2020 USD",6683398.14814815,$,
2020,Anguilla,660,"MVA (Manufacturing Value Added), current USD",MvaCud,MvaCud,"MVA (Manufacturing Value Added), current USD",6683398.14814815,$,
2020,Anguilla,660,Population,Pop,Pop,Population,14843.0,N,
2020,Antigua and Barbuda,028,"MVA (Manufacturing Value Added), constant 2020 USD",MvaCod,MvaCod,"MVA (Manufacturing Value Added), constant 2020 USD",4.10962962962963E7,$,
2020,Antigua and Barbuda,028,"MVA (Manufacturing Value Added), current USD",MvaCud,MvaCud,"MVA (Manufacturing Value Added), current USD",4.10962962962963E7,$,
2020,Antigua and Barbuda,028,Population,Pop,Pop,Population,91846.0,N,
2020,Argentina,032,"MVA (Manufacturing Value Added), constant 2020 USD",MvaCod,MvaCod,"MVA (Manufacturing Value Added), constant 2020 USD",5.62815829776035E10,$,
2020,Argentina,032,"MVA (Manufacturing Value Added), current USD",MvaCud,MvaCud,"MVA (Manufacturing Value Added), current USD",5.62815829776035E10,$,
2020,Argentina,032,Population,Pop,Pop,Population,4.5191965E7,N,
2020,Armenia,051,"MVA (Manufacturing Value Added), constant 2020 USD",MvaCod,MvaCod,"MVA (Manufacturing Value Added), constant 2020 USD",1.5606062888084E9,$,
2020,Armenia,051,"MVA (Manufacturing Value Added), current USD",MvaCud,MvaCud,"MVA (Manufacturing Value Added), current USD",1.5606062888084E9,$,
2020,Armenia,051,Population,Pop,Pop,Population,2890892.0,N,
2020,Aruba,533,"MVA (Manufacturing Value Added), constant 2020 USD",MvaCod,MvaCod,"MVA (Manufacturing Value Added), constant 2020 USD",6.42067039106145E7,$,
2020,Aruba,533,"MVA (Manufacturing Value Added), current USD",MvaCud,MvaCud,"MVA (Manufacturing Value Added), current USD",6.42067039106145E7,$,
2020,Aruba,533,Population,Pop,Pop,Population,107400.0,N,
2020,Australia,036,"MVA (Manufacturing Value Added), constant 2020 USD",MvaCod,MvaCod,"MVA (Manufacturing Value Added), constant 2020 USD",7.91316341612931E10,$,
2020,Australia,036,"MVA (Manufacturing Value Added), current USD",MvaCud,MvaCud,"MVA (Manufacturing Value Added), current USD",7.91316341612931E10,$,
2020,Australia,036,Population,Pop,Pop,Population,2.5743791E7,N,
2020,Austria,040,"MVA (Manufacturing Value Added), constant 2020 USD",MvaCod,MvaCod,"MVA (Manufacturing Value Added), constant 2020 USD",7.20983881067694E10,$,
2020,Austria,040,"MVA (Manufacturing Value Added), current USD",MvaCud,MvaCud,"MVA (Manufacturing Value Added), current USD",7.20983881067694E10,$,
2020,Austria,040,Population,Pop,Pop,Population,8921405.0,N,
2020,Azerbaijan,031,"MVA (Manufacturing Value Added), constant 2020 USD",MvaCod,MvaCod,"MVA (Manufacturing Value Added), constant 2020 USD",2.60494117647059E9,$,
2020,Azerbaijan,031,"MVA (Manufacturing Value Added), current USD",MvaCud,MvaCud,"MVA (Manufacturing Value Added), current USD",2.60494117647059E9,$,
2020,Azerbaijan,031,Population,Pop,Pop,Population,1.018173E7,N,
2020,Bahamas,044,"MVA (Manufacturing Value Added), constant 2020 USD",MvaCod,MvaCod,"MVA (Manufacturing Value Added), constant 2020 USD",2.013E8,$,
2020,Bahamas,044,"MVA (Manufacturing Value Added), current USD",MvaCud,MvaCud,"MVA (Manufacturing Value Added), current USD",2.013E8,$,
2020,Bahamas,044,Population,Pop,Pop,Population,395863.0,N,
2020,Bahrain,048,"MVA (Manufacturing Value Added), constant 2020 USD",MvaCod,MvaCod,"MVA (Manufacturing Value Added), constant 2020 USD",6.46754945744681E9,$,
2020,Bahrain,048,"MVA (Manufacturing Value Added), current USD",MvaCud,MvaCud,"MVA (Manufacturing Value Added), current USD",6.46754945744681E9,$,
2020,Bahrain,048,Population,Pop,Pop,Population,1483077.0,N,
2020,Bangladesh,050,"MVA (Manufacturing Value Added), constant 2020 USD",MvaCod,MvaCod,"MVA (Manufacturing Value Added), constant 2020 USD",7.6947460652668E10,$,
2020,Bangladesh,050,"MVA (Manufacturing Value Added), current USD",MvaCud,MvaCud,"MVA (Manufacturing Value Added), current USD",7.6947460652668E10,$,
2020,Bangladesh,050,Population,Pop,Pop,Population,1.66298024E8,N,
2020,Barbados,052,"MVA (Manufacturing Value Added), constant 2020 USD",MvaCod,MvaCod,"MVA (Manufacturing Value Added), constant 2020 USD",2.754593505E8,$,
2020,Barbados,052,"MVA (Manufacturing Value Added), current USD",MvaCud,MvaCud,"MVA (Manufacturing Value Added), current USD",2.754593505E8,$,
2020,Barbados,052,Population,Pop,Pop,Population,281698.0,N,
2020,Belarus,112,"MVA (Manufacturing Value Added), constant 2020 USD",MvaCod,MvaCod,"MVA (Manufacturing Value Added), constant 2020 USD",1.31868050787535E10,$,
2020,Belarus,112,"MVA (Manufacturing Value Added), current USD",MvaCud,MvaCud,"MVA (Manufacturing Value Added), current USD",1.31868050787535E10,$,
2020,Belarus,112,Population,Pop,Pop,Population,9350944.0,N,
2020,Belgium,056,"MVA (Manufacturing Value Added), constant 2020 USD",MvaCod,MvaCod,"MVA (Manufacturing Value Added), constant 2020 USD",6.36269480059135E10,$,
2020,Belgium,056,"MVA (Manufacturing Value Added), current USD",MvaCud,MvaCud,"MVA (Manufacturing Value Added), current USD",6.36269480059135E10,$,
2020,Belgium,056,Population,Pop,Pop,Population,1.1540107E7,N,
2020,Belize,084,"MVA (Manufacturing Value Added), constant 2020 USD",MvaCod,MvaCod,"MVA (Manufacturing Value Added), constant 2020 USD",1.373030355E8,$,
2020,Belize,084,"MVA (Manufacturing Value Added), current USD",MvaCud,MvaCud,"MVA (Manufacturing Value Added), current USD",1.373030355E8,$,
2020,Belize,084,Population,Pop,Pop,Population,390812.0,N,
2020,Benin,204,"MVA (Manufacturing Value Added), constant 2020 USD",MvaCod,MvaCod,"MVA (Manufacturing Value Added), constant 2020 USD",1.51971792330492E9,$,
2020,Benin,204,"MVA (Manufacturing Value Added), current USD",MvaCud,MvaCud,"MVA (Manufacturing Value Added), current USD",1.51971792330492E9,$,
2020,Benin,204,Population,Pop,Pop,Population,1.3070169E7,N,
2020,Bermuda,060,"MVA (Manufacturing Value Added), constant 2020 USD",MvaCod,MvaCod,"MVA (Manufacturing Value Added), constant 2020 USD",2.31672E7,$,
2020,Bermuda,060,"MVA (Manufacturing Value Added), current USD",MvaCud,MvaCud,"MVA (Manufacturing Value Added), current USD",2.31672E7,$,
2020,Bermuda,060,Population,Pop,Pop,Population,64382.0,N,
2020,Bhutan,064,"MVA (Manufacturing Value Added), constant 2020 USD",MvaCod,MvaCod,"MVA (Manufacturing Value Added), constant 2020 USD",1.21139521356447E8,$,
2020,Bhutan,064,"MVA (Manufacturing Value Added), current USD",MvaCud,MvaCud,"MVA (Manufacturing Value Added), current USD",1.21139521356447E8,$,
2020,Bhutan,064,Population,Pop,Pop,Population,770006.0,N,
2020,Bolivia (Plurinational State of),068,"MVA (Manufacturing Value Added), constant 2020 USD",MvaCod,MvaCod,"MVA (Manufacturing Value Added), constant 2020 USD",4.01383735412446E9,$,
2020,Bolivia (Plurinational State of),068,"MVA (Manufacturing Value Added), current USD",MvaCud,MvaCud,"MVA (Manufacturing Value Added), current USD",4.01383735412446E9,$,
2020,Bolivia (Plurinational State of),068,Population,Pop,Pop,Population,1.1816299E7,N,
2020,Bosnia and Herzegovina,070,"MVA (Manufacturing Value Added), constant 2020 USD",MvaCod,MvaCod,"MVA (Manufacturing Value Added), constant 2020 USD",2.56098730252661E9,$,
2020,Bosnia and Herzegovina,070,"MVA (Manufacturing Value Added), current USD",MvaCud,MvaCud,"MVA (Manufacturing Value Added), current USD",2.56098730252661E9,$,
2020,Bosnia and Herzegovina,070,Population,Pop,Pop,Population,3299349.0,N,
2020,Botswana,072,"MVA (Manufacturing Value Added), constant 2020 USD",MvaCod,MvaCod,"MVA (Manufacturing Value Added), constant 2020 USD",8.46608362690212E8,$,
2020,Botswana,072,"MVA (Manufacturing Value Added), current USD",MvaCud,MvaCud,"MVA (Manufacturing Value Added), current USD",8.46608362690212E8,$,
2020,Botswana,072,Population,Pop,Pop,Population,2365894.0,N,
2020,Brazil,076,"MVA (Manufacturing Value Added), constant 2020 USD",MvaCod,MvaCod,"MVA (Manufacturing Value Added), constant 2020 USD",1.57839142620809E11,$,
2020,Brazil,076,"MVA (Manufacturing Value Added), current USD",MvaCud,MvaCud,"MVA (Manufacturing Value Added), current USD",1.57839142620809E11,$,
2020,Brazil,076,Population,Pop,Pop,Population,2.08660842E8,N,
2020,British Virgin Islands,092,"MVA (Manufacturing Value Added), constant 2020 USD",MvaCod,MvaCod,"MVA (Manufacturing Value Added), constant 2020 USD",2.0754035E7,$,
2020,British Virgin Islands,092,"MVA (Manufacturing Value Added), current USD",MvaCud,MvaCud,"MVA (Manufacturing Value Added), current USD",2.0754035E7,$,
2020,British Virgin Islands,092,Population,Pop,Pop,Population,37135.0,N,
2020,Brunei Darussalam,096,"MVA (Manufacturing Value Added), constant 2020 USD",MvaCod,MvaCod,"MVA (Manufacturing Value Added), constant 2020 USD",1.89329703017517E9,$,
2020,Brunei Darussalam,096,"MVA (Manufacturing Value Added), current USD",MvaCud,MvaCud,"MVA (Manufacturing Value Added), current USD",1.89329703017517E9,$,
2020,Brunei Darussalam,096,Population,Pop,Pop,Population,447404.0,N,
2020,Bulgaria,100,"MVA (Manufacturing Value Added), constant 2020 USD",MvaCod,MvaCod,"MVA (Manufacturing Value Added), constant 2020 USD",9.08162750048555E9,$,
2020,Bulgaria,100,"MVA (Manufacturing Value Added), current USD",MvaCud,MvaCud,"MVA (Manufacturing Value Added), current USD",9.08162750048555E9,$,
2020,Bulgaria,100,Population,Pop,Pop,Population,6933652.0,N,
2020,Burkina Faso,854,"MVA (Manufacturing Value Added), constant 2020 USD",MvaCod,MvaCod,"MVA (Manufacturing Value Added), constant 2020 USD",1.77805226669742E9,$,
2020,Burkina Faso,854,"MVA (Manufacturing Value Added), current USD",MvaCud,MvaCud,"MVA (Manufacturing Value Added), current USD",1.77805226669742E9,$,
2020,Burkina Faso,854,Population,Pop,Pop,Population,2.147869E7,N,
2020,Burundi,108,"MVA (Manufacturing Value Added), constant 2020 USD",MvaCod,MvaCod,"MVA (Manufacturing Value Added), constant 2020 USD",4.33393758780171E8,$,
2020,Burundi,108,"MVA (Manufacturing Value Added), current USD",MvaCud,MvaCud,"MVA (Manufacturing Value Added), current USD",4.33393758780171E8,$,
2020,Burundi,108,Population,Pop,Pop,Population,1.2617036E7,N,
2020,Cabo Verde,132,"MVA (Manufacturing Value Added), constant 2020 USD",MvaCod,MvaCod,"MVA (Manufacturing Value Added), constant 2020 USD",9.44485856172274E7,$,
2020,Cabo Verde,132,"MVA (Manufacturing Value Added), current USD",MvaCud,MvaCud,"MVA (Manufacturing Value Added), current USD",9.44485856172274E7,$,
2020,Cabo Verde,132,Population,Pop,Pop,Population,514679.0,N,
2020,Cambodia,116,"MVA (Manufacturing Value Added), constant 2020 USD",MvaCod,MvaCod,"MVA (Manufacturing Value Added), constant 2020 USD",8.35566641886359E9,$,
2020,Cambodia,116,"MVA (Manufacturing Value Added), current USD",MvaCud,MvaCud,"MVA (Manufacturing Value Added), current USD",8.35566641886359E9,$,
2020,Cambodia,116,Population,Pop,Pop,Population,1.6725474E7,N,
2020,Cameroon,120,"MVA (Manufacturing Value Added), constant 2020 USD",MvaCod,MvaCod,"MVA (Manufacturing Value Added), constant 2020 USD",5.37431587244436E9,$,
2020,Cameroon,120,"MVA (Manufacturing Value Added), current USD",MvaCud,MvaCud,"MVA (Manufacturing Value Added), current USD",5.37431587244436E9,$,
2020,Cameroon,120,Population,Pop,Pop,Population,2.6210558E7,N,
2020,Canada,124,"MVA (Manufacturing Value Added), constant 2020 USD",MvaCod,MvaCod,"MVA (Manufacturing Value Added), constant 2020 USD",1.4926786796618E11,$,
2020,Canada,124,"MVA (Manufacturing Value Added), current USD",MvaCud,MvaCud,"MVA (Manufacturing Value Added), current USD",1.4926786796618E11,$,
2020,Canada,124,Population,Pop,Pop,Population,3.8171902E7,N,
2020,Cayman Islands,136,"MVA (Manufacturing Value Added), constant 2020 USD",MvaCod,MvaCod,"MVA (Manufacturing Value Added), constant 2020 USD",5.18529538118152E7,$,
2020,Cayman Islands,136,"MVA (Manufacturing Value Added), current USD",MvaCud,MvaCud,"MVA (Manufacturing Value Added), current USD",5.18529538118152E7,$,
2020,Cayman Islands,136,Population,Pop,Pop,Population,68684.0,N,
2020,Central African Republic,140,"MVA (Manufacturing Value Added), constant 2020 USD",MvaCod,MvaCod,"MVA (Manufacturing Value Added), constant 2020 USD",4.12458685578561E8,$,
2020,Central African Republic,140,"MVA (Manufacturing Value Added), current USD",MvaCud,MvaCud,"MVA (Manufacturing Value Added), current USD",4.12458685578561E8,$,
2020,Central African Republic,140,Population,Pop,Pop,Population,5026628.0,N,
2020,Chad,148,"MVA (Manufacturing Value Added), constant 2020 USD",MvaCod,MvaCod,"MVA (Manufacturing Value Added), constant 2020 USD",1.27001003198663E9,$,
2020,Chad,148,"MVA (Manufacturing Value Added), current USD",MvaCud,MvaCud,"MVA (Manufacturing Value Added), current USD",1.27001003198663E9,$,
2020,Chad,148,Population,Pop,Pop,Population,1.7224679E7,N,
2020,Chile,152,"MVA (Manufacturing Value Added), constant 2020 USD",MvaCod,MvaCod,"MVA (Manufacturing Value Added), constant 2020 USD",2.28397784163985E10,$,
2020,Chile,152,"MVA (Manufacturing Value Added), current USD",MvaCud,MvaCud,"MVA (Manufacturing Value Added), current USD",2.28397784163985E10,$,
2020,Chile,152,Population,Pop,Pop,Population,1.9370624E7,N,
2020,China,156,"MVA (Manufacturing Value Added), constant 2020 USD",MvaCod,MvaCod,"MVA (Manufacturing Value Added), constant 2020 USD",3.83622993883589E12,$,
2020,China,156,"MVA (Manufacturing Value Added), current USD",MvaCud,MvaCud,"MVA (Manufacturing Value Added), current USD",3.83622993883589E12,$,
2020,China,156,Population,Pop,Pop,Population,1.426106093E9,N,
2020,"China, Hong Kong SAR",344,"MVA (Manufacturing Value Added), constant 2020 USD",MvaCod,MvaCod,"MVA (Manufacturing Value Added), constant 2020 USD",3.29047020529182E9,$,
2020,"China, Hong Kong SAR",344,"MVA (Manufacturing Value Added), current USD",MvaCud,MvaCud,"MVA (Manufacturing Value Added), current USD",3.29047020529182E9,$,
2020,"China, Hong Kong SAR",344,Population,Pop,Pop,Population,7490235.0,N,
2020,"China, Macao SAR",446,"MVA (Manufacturing Value Added), constant 2020 USD",MvaCod,MvaCod,"MVA (Manufacturing Value Added), constant 2020 USD",2.105378600823E8,$,
2020,"China, Macao SAR",446,"MVA (Manufacturing Value Added), current USD",MvaCud,MvaCud,"MVA (Manufacturing Value Added), current USD",2.105378600823E8,$,
2020,"China, Macao SAR",446,Population,Pop,Pop,Population,683067.0,N,
2020,Colombia,170,"MVA (Manufacturing Value Added), constant 2020 USD",MvaCod,MvaCod,"MVA (Manufacturing Value Added), constant 2020 USD",2.90016247996641E10,$,
2020,Colombia,170,"MVA (Manufacturing Value Added), current USD",MvaCud,MvaCud,"MVA (Manufacturing Value Added), current USD",2.90016247996641E10,$,
2020,Colombia,170,Population,Pop,Pop,Population,5.0629997E7,N,
2020,Comoros,174,"MVA (Manufacturing Value Added), constant 2020 USD",MvaCod,MvaCod,"MVA (Manufacturing Value Added), constant 2020 USD",7.86332844256707E7,$,
2020,Comoros,174,"MVA (Manufacturing Value Added), current USD",MvaCud,MvaCud,"MVA (Manufacturing Value Added), current USD",7.86332844256707E7,$,
2020,Comoros,174,Population,Pop,Pop,Population,802163.0,N,
2020,Congo,178,"MVA (Manufacturing Value Added), constant 2020 USD",MvaCod,MvaCod,"MVA (Manufacturing Value Added), constant 2020 USD",1.37380352392839E9,$,
2020,Congo,178,"MVA (Manufacturing Value Added), current USD",MvaCud,MvaCud,"MVA (Manufacturing Value Added), current USD",1.37380352392839E9,$,
2020,Congo,178,Population,Pop,Pop,Population,5752791.0,N,
2020,Cook Islands,184,"MVA (Manufacturing Value Added), constant 2020 USD",MvaCod,MvaCod,"MVA (Manufacturing Value Added), constant 2020 USD",6099511.15122105,$,
2020,Cook Islands,184,"MVA (Manufacturing Value Added), current USD",MvaCud,MvaCud,"MVA (Manufacturing Value Added), current USD",6099511.15122105,$,
2020,Cook Islands,184,Population,Pop,Pop,Population,15643.0,N,
2020,Costa Rica,188,"MVA (Manufacturing Value Added), constant 2020 USD",MvaCod,MvaCod,"MVA (Manufacturing Value Added), constant 2020 USD",7.98092678737811E9,$,
2020,Costa Rica,188,"MVA (Manufacturing Value Added), current USD",MvaCud,MvaCud,"MVA (Manufacturing Value Added), current USD",7.98092678737811E9,$,
2020,Costa Rica,188,Population,Pop,Pop,Population,5034320.0,N,
2020,Côte d'Ivoire,384,"MVA (Manufacturing Value Added), constant 2020 USD",MvaCod,MvaCod,"MVA (Manufacturing Value Added), constant 2020 USD",7.59608115161678E9,$,
2020,Côte d'Ivoire,384,"MVA (Manufacturing Value Added), current USD",MvaCud,MvaCud,"MVA (Manufacturing Value Added), current USD",7.59608115161678E9,$,
2020,Côte d'Ivoire,384,Population,Pop,Pop,Population,2.8915449E7,N,
2020,Croatia,191,"MVA (Manufacturing Value Added), constant 2020 USD",MvaCod,MvaCod,"MVA (Manufacturing Value Added), constant 2020 USD",7.02702196383142E9,$,
2020,Croatia,191,"MVA (Manufacturing Value Added), current USD",MvaCud,MvaCud,"MVA (Manufacturing Value Added), current USD",7.02702196383142E9,$,
2020,Croatia,191,Population,Pop,Pop,Population,3953958.0,N,
2020,Cuba,192,"MVA (Manufacturing Value Added), constant 2020 USD",MvaCod,MvaCod,"MVA (Manufacturing Value Added), constant 2020 USD",1.20201E10,$,
2020,Cuba,192,"MVA (Manufacturing Value Added), current USD",MvaCud,MvaCud,"MVA (Manufacturing Value Added), current USD",1.20201E10,$,
2020,Cuba,192,Population,Pop,Pop,Population,1.1176354E7,N,
2020,Curaçao,531,"MVA (Manufacturing Value Added), constant 2020 USD",MvaCod,MvaCod,"MVA (Manufacturing Value Added), constant 2020 USD",7.00639882681564E7,$,
2020,Curaçao,531,"MVA (Manufacturing Value Added), current USD",MvaCud,MvaCud,"MVA (Manufacturing Value Added), current USD",7.00639882681564E7,$,
2020,Curaçao,531,Population,Pop,Pop,Population,185018.0,N,
2020,Cyprus,196,"MVA (Manufacturing Value Added), constant 2020 USD",MvaCod,MvaCod,"MVA (Manufacturing Value Added), constant 2020 USD",1.43916709727624E9,$,
2020,Cyprus,196,"MVA (Manufacturing Value Added), current USD",MvaCud,MvaCud,"MVA (Manufacturing Value Added), current USD",1.43916709727624E9,$,
2020,Cyprus,196,Population,Pop,Pop,Population,1302247.0,N,
2020,Czechia,203,"MVA (Manufacturing Value Added), constant 2020 USD",MvaCod,MvaCod,"MVA (Manufacturing Value Added), constant 2020 USD",5.22228325847417E10,$,
2020,Czechia,203,"MVA (Manufacturing Value Added), current USD",MvaCud,MvaCud,"MVA (Manufacturing Value Added), current USD",5.22228325847417E10,$,
2020,Czechia,203,Population,Pop,Pop,Population,1.0550129E7,N,
2020,Democratic People's Republic of Korea,408,"MVA (Manufacturing Value Added), constant 2020 USD",MvaCod,MvaCod,"MVA (Manufacturing Value Added), constant 2020 USD",2.74926199571363E9,$,
2020,Democratic People's Republic of Korea,408,"MVA (Manufacturing Value Added), current USD",MvaCud,MvaCud,"MVA (Manufacturing Value Added), current USD",2.74926199571363E9,$,
2020,Democratic People's Republic of Korea,408,Population,Pop,Pop,Population,2.6136312E7,N,
2020,Democratic Republic of the Congo,180,"MVA (Manufacturing Value Added), constant 2020 USD",MvaCod,MvaCod,"MVA (Manufacturing Value Added), constant 2020 USD",5.65805136099554E9,$,
2020,Democratic Republic of the Congo,180,"MVA (Manufacturing Value Added), current USD",MvaCud,MvaCud,"MVA (Manufacturing Value Added), current USD",5.65805136099554E9,$,
2020,Democratic Republic of the Congo,180,Population,Pop,Pop,Population,9.5989998E7,N,
2020,Denmark,208,"MVA (Manufacturing Value Added), constant 2020 USD",MvaCod,MvaCod,"MVA (Manufacturing Value Added), constant 2020 USD",4.5652740975635E10,$,
2020,Denmark,208,"MVA (Manufacturing Value Added), current USD",MvaCud,MvaCud,"MVA (Manufacturing Value Added), current USD",4.5652740975635E10,$,
2020,Denmark,208,Population,Pop,Pop,Population,5831530.0,N,
2020,Djibouti,262,"MVA (Manufacturing Value Added), constant 2020 USD",MvaCod,MvaCod,"MVA (Manufacturing Value Added), constant 2020 USD",1.40951266310678E8,$,
2020,Djibouti,262,"MVA (Manufacturing Value Added), current USD",MvaCud,MvaCud,"MVA (Manufacturing Value Added), current USD",1.40951266310678E8,$,
2020,Djibouti,262,Population,Pop,Pop,Population,1105188.0,N,
2020,Dominica,212,"MVA (Manufacturing Value Added), constant 2020 USD",MvaCod,MvaCod,"MVA (Manufacturing Value Added), constant 2020 USD",1.67444444444444E7,$,
2020,Dominica,212,"MVA (Manufacturing Value Added), current USD",MvaCud,MvaCud,"MVA (Manufacturing Value Added), current USD",1.67444444444444E7,$,
2020,Dominica,212,Population,Pop,Pop,Population,67573.0,N,
2020,Dominican Republic,214,"MVA (Manufacturing Value Added), constant 2020 USD",MvaCod,MvaCod,"MVA (Manufacturing Value Added), constant 2020 USD",1.01738355778671E10,$,
2020,Dominican Republic,214,"MVA (Manufacturing Value Added), current USD",MvaCud,MvaCud,"MVA (Manufacturing Value Added), current USD",1.01738355778671E10,$,
2020,Dominican Republic,214,Population,Pop,Pop,Population,1.10083E7,N,
2020,Ecuador,218,"MVA (Manufacturing Value Added), constant 2020 USD",MvaCod,MvaCod,"MVA (Manufacturing Value Added), constant 2020 USD",1.240673E10,$,
2020,Ecuador,218,"MVA (Manufacturing Value Added), current USD",MvaCud,MvaCud,"MVA (Manufacturing Value Added), current USD",1.240673E10,$,
2020,Ecuador,218,Population,Pop,Pop,Population,1.7546065E7,N,
2020,Egypt,818,"MVA (Manufacturing Value Added), constant 2020 USD",MvaCod,MvaCod,"MVA (Manufacturing Value Added), constant 2020 USD",6.39515757158896E10,$,
2020,Egypt,818,"MVA (Manufacturing Value Added), current USD",MvaCud,MvaCud,"MVA (Manufacturing Value Added), current USD",6.39515757158895E10,$,
2020,Egypt,818,Population,Pop,Pop,Population,1.09315124E8,N,
2020,El Salvador,222,"MVA (Manufacturing Value Added), constant 2020 USD",MvaCod,MvaCod,"MVA (Manufacturing Value Added), constant 2020 USD",3.673492166E9,$,
2020,El Salvador,222,"MVA (Manufacturing Value Added), current USD",MvaCud,MvaCud,"MVA (Manufacturing Value Added), current USD",3.673492166E9,$,
2020,El Salvador,222,Population,Pop,Pop,Population,6234673.0,N,
2020,Equatorial Guinea,226,"MVA (Manufacturing Value Added), constant 2020 USD",MvaCod,MvaCod,"MVA (Manufacturing Value Added), constant 2020 USD",1.93197887246206E9,$,
2020,Equatorial Guinea,226,"MVA (Manufacturing Value Added), current USD",MvaCud,MvaCud,"MVA (Manufacturing Value Added), current USD",1.93197887246206E9,$,
2020,Equatorial Guinea,226,Population,Pop,Pop,Population,1716468.0,N,
2020,Eritrea,232,"MVA (Manufacturing Value Added), constant 2020 USD",MvaCod,MvaCod,"MVA (Manufacturing Value Added), constant 2020 USD",1.29738905737977E8,$,
2020,Eritrea,232,"MVA (Manufacturing Value Added), current USD",MvaCud,MvaCud,"MVA (Manufacturing Value Added), current USD",1.29738905737977E8,$,
2020,Eritrea,232,Population,Pop,Pop,Population,3291271.0,N,
2020,Estonia,233,"MVA (Manufacturing Value Added), constant 2020 USD",MvaCod,MvaCod,"MVA (Manufacturing Value Added), constant 2020 USD",4.00680339066453E9,$,
2020,Estonia,233,"MVA (Manufacturing Value Added), current USD",MvaCud,MvaCud,"MVA (Manufacturing Value Added), current USD",4.00680339066453E9,$,
2020,Estonia,233,Population,Pop,Pop,Population,1329669.0,N,
2020,Eswatini,748,"MVA (Manufacturing Value Added), constant 2020 USD",MvaCod,MvaCod,"MVA (Manufacturing Value Added), constant 2020 USD",1.08893962932549E9,$,
2020,Eswatini,748,"MVA (Manufacturing Value Added), current USD",MvaCud,MvaCud,"MVA (Manufacturing Value Added), current USD",1.08893962932549E9,$,
2020,Eswatini,748,Population,Pop,Pop,Population,1192729.0,N,
2020,Ethiopia,231,"MVA (Manufacturing Value Added), constant 2020 USD",MvaCod,MvaCod,"MVA (Manufacturing Value Added), constant 2020 USD",5.12414900922067E9,$,
2020,Ethiopia,231,"MVA (Manufacturing Value Added), current USD",MvaCud,MvaCud,"MVA (Manufacturing Value Added), current USD",5.12414900922067E9,$,
2020,Ethiopia,231,Population,Pop,Pop,Population,1.18917671E8,N,
2020,Fiji,242,"MVA (Manufacturing Value Added), constant 2020 USD",MvaCod,MvaCod,"MVA (Manufacturing Value Added), constant 2020 USD",5.19440726737338E8,$,
2020,Fiji,242,"MVA (Manufacturing Value Added), current USD",MvaCud,MvaCud,"MVA (Manufacturing Value Added), current USD",5.19440726737338E8,$,
2020,Fiji,242,Population,Pop,Pop,Population,914963.0,N,
2020,Finland,246,"MVA (Manufacturing Value Added), constant 2020 USD",MvaCod,MvaCod,"MVA (Manufacturing Value Added), constant 2020 USD",3.92127346163419E10,$,
2020,Finland,246,"MVA (Manufacturing Value Added), current USD",MvaCud,MvaCud,"MVA (Manufacturing Value Added), current USD",3.92127346163419E10,$,
2020,Finland,246,Population,Pop,Pop,Population,5529612.0,N,
2020,France,250,"MVA (Manufacturing Value Added), constant 2020 USD",MvaCod,MvaCod,"MVA (Manufacturing Value Added), constant 2020 USD",2.44818428211825E11,$,
2020,France,250,"MVA (Manufacturing Value Added), current USD",MvaCud,MvaCud,"MVA (Manufacturing Value Added), current USD",2.44818428211825E11,$,
2020,France,250,Population,Pop,Pop,Population,6.5905277E7,N,
2020,French Polynesia,258,"MVA (Manufacturing Value Added), constant 2020 USD",MvaCod,MvaCod,"MVA (Manufacturing Value Added), constant 2020 USD",2.79733382826875E8,$,
2020,French Polynesia,258,"MVA (Manufacturing Value Added), current USD",MvaCud,MvaCud,"MVA (Manufacturing Value Added), current USD",2.79733382826875E8,$,
2020,French Polynesia,258,Population,Pop,Pop,Population,279209.0,N,
2020,Gabon,266,"MVA (Manufacturing Value Added), constant 2020 USD",MvaCod,MvaCod,"MVA (Manufacturing Value Added), constant 2020 USD",1.26705652028433E9,$,
2020,Gabon,266,"MVA (Manufacturing Value Added), current USD",MvaCud,MvaCud,"MVA (Manufacturing Value Added), current USD",1.26705652028433E9,$,
2020,Gabon,266,Population,Pop,Pop,Population,2322539.0,N,
2020,Gambia,270,"MVA (Manufacturing Value Added), constant 2020 USD",MvaCod,MvaCod,"MVA (Manufacturing Value Added), constant 2020 USD",4.73590556626413E7,$,
2020,Gambia,270,"MVA (Manufacturing Value Added), current USD",MvaCud,MvaCud,"MVA (Manufacturing Value Added), current USD",4.73590556626413E7,$,
2020,Gambia,270,Population,Pop,Pop,Population,2515733.0,N,
2020,Georgia,268,"MVA (Manufacturing Value Added), constant 2020 USD",MvaCod,MvaCod,"MVA (Manufacturing Value Added), constant 2020 USD",1.50986549005313E9,$,
2020,Georgia,268,"MVA (Manufacturing Value Added), current USD",MvaCud,MvaCud,"MVA (Manufacturing Value Added), current USD",1.50986549005313E9,$,
2020,Georgia,268,Population,Pop,Pop,Population,3795678.0,N,
2020,Germany,276,"MVA (Manufacturing Value Added), constant 2020 USD",MvaCod,MvaCod,"MVA (Manufacturing Value Added), constant 2020 USD",7.34337295777421E11,$,
2020,Germany,276,"MVA (Manufacturing Value Added), current USD",MvaCud,MvaCud,"MVA (Manufacturing Value Added), current USD",7.34337295777421E11,$,
2020,Germany,276,Population,Pop,Pop,Population,8.3628708E7,N,
2020,Ghana,288,"MVA (Manufacturing Value Added), constant 2020 USD",MvaCod,MvaCod,"MVA (Manufacturing Value Added), constant 2020 USD",7.67185937055929E9,$,
2020,Ghana,288,"MVA (Manufacturing Value Added), current USD",MvaCud,MvaCud,"MVA (Manufacturing Value Added), current USD",7.67185937055929E9,$,
2020,Ghana,288,Population,Pop,Pop,Population,3.1887809E7,N,
2020,Greece,300,"MVA (Manufacturing Value Added), constant 2020 USD",MvaCod,MvaCod,"MVA (Manufacturing Value Added), constant 2020 USD",1.61266954171593E10,$,
2020,Greece,300,"MVA (Manufacturing Value Added), current USD",MvaCud,MvaCud,"MVA (Manufacturing Value Added), current USD",1.61266954171593E10,$,
2020,Greece,300,Population,Pop,Pop,Population,1.0699369E7,N,
2020,Greenland,304,"MVA (Manufacturing Value Added), constant 2020 USD",MvaCod,MvaCod,"MVA (Manufacturing Value Added), constant 2020 USD",8.90991193431352E7,$,
2020,Greenland,304,"MVA (Manufacturing Value Added), current USD",MvaCud,MvaCud,"MVA (Manufacturing Value Added), current USD",8.90991193431352E7,$,
2020,Greenland,304,Population,Pop,Pop,Population,56080.0,N,
2020,Grenada,308,"MVA (Manufacturing Value Added), constant 2020 USD",MvaCod,MvaCod,"MVA (Manufacturing Value Added), constant 2020 USD",3.26489259259259E7,$,
2020,Grenada,308,"MVA (Manufacturing Value Added), current USD",MvaCud,MvaCud,"MVA (Manufacturing Value Added), current USD",3.26489259259259E7,$,
2020,Grenada,308,Population,Pop,Pop,Population,116341.0,N,
2020,Guatemala,320,"MVA (Manufacturing Value Added), constant 2020 USD",MvaCod,MvaCod,"MVA (Manufacturing Value Added), constant 2020 USD",1.09647855413027E10,$,
2020,Guatemala,320,"MVA (Manufacturing Value Added), current USD",MvaCud,MvaCud,"MVA (Manufacturing Value Added), current USD",1.09647855413027E10,$,
2020,Guatemala,320,Population,Pop,Pop,Population,1.7357325E7,N,
2020,Guinea,324,"MVA (Manufacturing Value Added), constant 2020 USD",MvaCod,MvaCod,"MVA (Manufacturing Value Added), constant 2020 USD",2.06002600104341E9,$,
2020,Guinea,324,"MVA (Manufacturing Value Added), current USD",MvaCud,MvaCud,"MVA (Manufacturing Value Added), current USD",2.06002600104341E9,$,
2020,Guinea,324,Population,Pop,Pop,Population,1.3371183E7,N,
2020,Guinea-Bissau,624,"MVA (Manufacturing Value Added), constant 2020 USD",MvaCod,MvaCod,"MVA (Manufacturing Value Added), constant 2020 USD",1.30246602682249E8,$,
2020,Guinea-Bissau,624,"MVA (Manufacturing Value Added), current USD",MvaCud,MvaCud,"MVA (Manufacturing Value Added), current USD",1.30246602682249E8,$,
2020,Guinea-Bissau,624,Population,Pop,Pop,Population,2013255.0,N,
2020,Guyana,328,"MVA (Manufacturing Value Added), constant 2020 USD",MvaCod,MvaCod,"MVA (Manufacturing Value Added), constant 2020 USD",2.32203836930456E8,$,
2020,Guyana,328,"MVA (Manufacturing Value Added), current USD",MvaCud,MvaCud,"MVA (Manufacturing Value Added), current USD",2.32203836930456E8,$,
2020,Guyana,328,Population,Pop,Pop,Population,807481.0,N,
2020,Haiti,332,"MVA (Manufacturing Value Added), constant 2020 USD",MvaCod,MvaCod,"MVA (Manufacturing Value Added), constant 2020 USD",2.73477116345449E9,$,
2020,Haiti,332,"MVA (Manufacturing Value Added), current USD",MvaCud,MvaCud,"MVA (Manufacturing Value Added), current USD",2.73477116345449E9,$,
2020,Haiti,332,Population,Pop,Pop,Population,1.1243848E7,N,
2020,Honduras,340,"MVA (Manufacturing Value Added), constant 2020 USD",MvaCod,MvaCod,"MVA (Manufacturing Value Added), constant 2020 USD",3.79087759109708E9,$,
2020,Honduras,340,"MVA (Manufacturing Value Added), current USD",MvaCud,MvaCud,"MVA (Manufacturing Value Added), current USD",3.79087759109708E9,$,
2020,Honduras,340,Population,Pop,Pop,Population,1.011964E7,N,
2020,Hungary,348,"MVA (Manufacturing Value Added), constant 2020 USD",MvaCod,MvaCod,"MVA (Manufacturing Value Added), constant 2020 USD",2.73738319678785E10,$,
2020,Hungary,348,"MVA (Manufacturing Value Added), current USD",MvaCud,MvaCud,"MVA (Manufacturing Value Added), current USD",2.73738319678785E10,$,
2020,Hungary,348,Population,Pop,Pop,Population,9749457.0,N,
2020,Iceland,352,"MVA (Manufacturing Value Added), constant 2020 USD",MvaCod,MvaCod,"MVA (Manufacturing Value Added), constant 2020 USD",1.95768460471022E9,$,
2020,Iceland,352,"MVA (Manufacturing Value Added), current USD",MvaCud,MvaCud,"MVA (Manufacturing Value Added), current USD",1.95768460471022E9,$,
2020,Iceland,352,Population,Pop,Pop,Population,366614.0,N,
2020,India,356,"MVA (Manufacturing Value Added), constant 2020 USD",MvaCod,MvaCod,"MVA (Manufacturing Value Added), constant 2020 USD",3.78341579767693E11,$,
2020,India,356,"MVA (Manufacturing Value Added), current USD",MvaCud,MvaCud,"MVA (Manufacturing Value Added), current USD",3.78341579767693E11,$,
2020,India,356,Population,Pop,Pop,Population,1.402617695E9,N,
2020,Indonesia,360,"MVA (Manufacturing Value Added), constant 2020 USD",MvaCod,MvaCod,"MVA (Manufacturing Value Added), constant 2020 USD",2.1039630305331E11,$,
2020,Indonesia,360,"MVA (Manufacturing Value Added), current USD",MvaCud,MvaCud,"MVA (Manufacturing Value Added), current USD",2.1039630305331E11,$,
2020,Indonesia,360,Population,Pop,Pop,Population,2.74814866E8,N,
2020,Iran (Islamic Republic of),364,"MVA (Manufacturing Value Added), constant 2020 USD",MvaCod,MvaCod,"MVA (Manufacturing Value Added), constant 2020 USD",6.68668592816281E10,$,
2020,Iran (Islamic Republic of),364,"MVA (Manufacturing Value Added), current USD",MvaCud,MvaCud,"MVA (Manufacturing Value Added), current USD",6.68668592816281E10,$,
2020,Iran (Islamic Republic of),364,Population,Pop,Pop,Population,8.7723443E7,N,
2020,Iraq,368,"MVA (Manufacturing Value Added), constant 2020 USD",MvaCod,MvaCod,"MVA (Manufacturing Value Added), constant 2020 USD",4.68308850671141E9,$,
2020,Iraq,368,"MVA (Manufacturing Value Added), current USD",MvaCud,MvaCud,"MVA (Manufacturing Value Added), current USD",4.68308850671141E9,$,
2020,Iraq,368,Population,Pop,Pop,Population,4.2116605E7,N,
2020,Ireland,372,"MVA (Manufacturing Value Added), constant 2020 USD",MvaCod,MvaCod,"MVA (Manufacturing Value Added), constant 2020 USD",1.47626312548544E11,$,
2020,Ireland,372,"MVA (Manufacturing Value Added), current USD",MvaCud,MvaCud,"MVA (Manufacturing Value Added), current USD",1.47626312548544E11,$,
2020,Ireland,372,Population,Pop,Pop,Population,4982606.0,N,
2020,Israel,376,"MVA (Manufacturing Value Added), constant 2020 USD",MvaCod,MvaCod,"MVA (Manufacturing Value Added), constant 2020 USD",5.00808177224203E10,$,
2020,Israel,376,"MVA (Manufacturing Value Added), current USD",MvaCud,MvaCud,"MVA (Manufacturing Value Added), current USD",5.00808177224203E10,$,
2020,Israel,376,Population,Pop,Pop,Population,8800376.0,N,
2020,Italy,380,"MVA (Manufacturing Value Added), constant 2020 USD",MvaCod,MvaCod,"MVA (Manufacturing Value Added), constant 2020 USD",2.76150923433303E11,$,
2020,Italy,380,"MVA (Manufacturing Value Added), current USD",MvaCud,MvaCud,"MVA (Manufacturing Value Added), current USD",2.76150923433303E11,$,
2020,Italy,380,Population,Pop,Pop,Population,5.9912769E7,N,
2020,Jamaica,388,"MVA (Manufacturing Value Added), constant 2020 USD",MvaCod,MvaCod,"MVA (Manufacturing Value Added), constant 2020 USD",1.05281613503345E9,$,
2020,Jamaica,388,"MVA (Manufacturing Value Added), current USD",MvaCud,MvaCud,"MVA (Manufacturing Value Added), current USD",1.05281613503345E9,$,
2020,Jamaica,388,Population,Pop,Pop,Population,2830739.0,N,
2020,Japan,392,"MVA (Manufacturing Value Added), constant 2020 USD",MvaCod,MvaCod,"MVA (Manufacturing Value Added), constant 2020 USD",1.01342002663182E12,$,
2020,Japan,392,"MVA (Manufacturing Value Added), current USD",MvaCud,MvaCud,"MVA (Manufacturing Value Added), current USD",1.01342002663182E12,$,
2020,Japan,392,Population,Pop,Pop,Population,1.26304543E8,N,
2020,Jordan,400,"MVA (Manufacturing Value Added), constant 2020 USD",MvaCod,MvaCod,"MVA (Manufacturing Value Added), constant 2020 USD",7.49339297183099E9,$,
2020,Jordan,400,"MVA (Manufacturing Value Added), current USD",MvaCud,MvaCud,"MVA (Manufacturing Value Added), current USD",7.49339297183099E9,$,
2020,Jordan,400,Population,Pop,Pop,Population,1.0865228E7,N,
2020,Kazakhstan,398,"MVA (Manufacturing Value Added), constant 2020 USD",MvaCod,MvaCod,"MVA (Manufacturing Value Added), constant 2020 USD",2.23647973136594E10,$,
2020,Kazakhstan,398,"MVA (Manufacturing Value Added), current USD",MvaCud,MvaCud,"MVA (Manufacturing Value Added), current USD",2.23647973136594E10,$,
2020,Kazakhstan,398,Population,Pop,Pop,Population,1.9482117E7,N,
2020,Kenya,404,"MVA (Manufacturing Value Added), constant 2020 USD",MvaCod,MvaCod,"MVA (Manufacturing Value Added), constant 2020 USD",7.64980552420918E9,$,
2020,Kenya,404,"MVA (Manufacturing Value Added), current USD",MvaCud,MvaCud,"MVA (Manufacturing Value Added), current USD",7.64980552420918E9,$,
2020,Kenya,404,Population,Pop,Pop,Population,5.2217334E7,N,
2020,Kiribati,296,"MVA (Manufacturing Value Added), constant 2020 USD",MvaCod,MvaCod,"MVA (Manufacturing Value Added), constant 2020 USD",1.20575758276612E7,$,
2020,Kiribati,296,"MVA (Manufacturing Value Added), current USD",MvaCud,MvaCud,"MVA (Manufacturing Value Added), current USD",1.20575758276612E7,$,
2020,Kiribati,296,Population,Pop,Pop,Population,126099.0,N,
2020,Kosovo,412,"MVA (Manufacturing Value Added), constant 2020 USD",MvaCod,MvaCod,"MVA (Manufacturing Value Added), constant 2020 USD",1.03271546971049E9,$,
2020,Kosovo,412,"MVA (Manufacturing Value Added), current USD",MvaCud,MvaCud,"MVA (Manufacturing Value Added), current USD",1.03271546971049E9,$,
2020,Kosovo,412,Population,Pop,Pop,Population,1751417.0,N,
2020,Kuwait,414,"MVA (Manufacturing Value Added), constant 2020 USD",MvaCod,MvaCod,"MVA (Manufacturing Value Added), constant 2020 USD",1.00963875764435E10,$,
2020,Kuwait,414,"MVA (Manufacturing Value Added), current USD",MvaCud,MvaCud,"MVA (Manufacturing Value Added), current USD",1.00963875764435E10,$,
2020,Kuwait,414,Population,Pop,Pop,Population,4400144.0,N,
2020,Kyrgyzstan,417,"MVA (Manufacturing Value Added), constant 2020 USD",MvaCod,MvaCod,"MVA (Manufacturing Value Added), constant 2020 USD",1.08818914173722E9,$,
2020,Kyrgyzstan,417,"MVA (Manufacturing Value Added), current USD",MvaCud,MvaCud,"MVA (Manufacturing Value Added), current USD",1.08818914173722E9,$,
2020,Kyrgyzstan,417,Population,Pop,Pop,Population,6664140.0,N,
2020,Lao People's Democratic Republic,418,"MVA (Manufacturing Value Added), constant 2020 USD",MvaCod,MvaCod,"MVA (Manufacturing Value Added), constant 2020 USD",1.59920015367068E9,$,
2020,Lao People's Democratic Republic,418,"MVA (Manufacturing Value Added), current USD",MvaCud,MvaCud,"MVA (Manufacturing Value Added), current USD",1.59920015367068E9,$,
2020,Lao People's Democratic Republic,418,Population,Pop,Pop,Population,7346533.0,N,
2020,Latvia,428,"MVA (Manufacturing Value Added), constant 2020 USD",MvaCod,MvaCod,"MVA (Manufacturing Value Added), constant 2020 USD",3.83287433597816E9,$,
2020,Latvia,428,"MVA (Manufacturing Value Added), current USD",MvaCud,MvaCud,"MVA (Manufacturing Value Added), current USD",3.83287433597816E9,$,
2020,Latvia,428,Population,Pop,Pop,Population,1901123.0,N,
2020,Lebanon,422,"MVA (Manufacturing Value Added), constant 2020 USD",MvaCod,MvaCod,"MVA (Manufacturing Value Added), constant 2020 USD",3.63107104381606E9,$,
2020,Lebanon,422,"MVA (Manufacturing Value Added), current USD",MvaCud,MvaCud,"MVA (Manufacturing Value Added), current USD",3.63107104381606E9,$,
2020,Lebanon,422,Population,Pop,Pop,Population,5702398.0,N,
2020,Lesotho,426,"MVA (Manufacturing Value Added), constant 2020 USD",MvaCod,MvaCod,"MVA (Manufacturing Value Added), constant 2020 USD",3.35719408555783E8,$,
2020,Lesotho,426,"MVA (Manufacturing Value Added), current USD",MvaCud,MvaCud,"MVA (Manufacturing Value Added), current USD",3.35719408555783E8,$,
2020,Lesotho,426,Population,Pop,Pop,Population,2235727.0,N,
2020,Liberia,430,"MVA (Manufacturing Value Added), constant 2020 USD",MvaCod,MvaCod,"MVA (Manufacturing Value Added), constant 2020 USD",1.39854399E8,$,
2020,Liberia,430,"MVA (Manufacturing Value Added), current USD",MvaCud,MvaCud,"MVA (Manufacturing Value Added), current USD",1.39854399E8,$,
2020,Liberia,430,Population,Pop,Pop,Population,5149463.0,N,
2020,Libya,434,"MVA (Manufacturing Value Added), constant 2020 USD",MvaCod,MvaCod,"MVA (Manufacturing Value Added), constant 2020 USD",1.33091943949345E9,$,
2020,Libya,434,"MVA (Manufacturing Value Added), current USD",MvaCud,MvaCud,"MVA (Manufacturing Value Added), current USD",1.33091943949345E9,$,
2020,Libya,434,Population,Pop,Pop,Population,7045399.0,N,
2020,Liechtenstein,438,"MVA (Manufacturing Value Added), constant 2020 USD",MvaCod,MvaCod,"MVA (Manufacturing Value Added), constant 2020 USD",2.19933650349055E9,$,
2020,Liechtenstein,438,"MVA (Manufacturing Value Added), current USD",MvaCud,MvaCud,"MVA (Manufacturing Value Added), current USD",2.19933650349055E9,$,
2020,Liechtenstein,438,Population,Pop,Pop,Population,38767.0,N,
2020,Lithuania,440,"MVA (Manufacturing Value Added), constant 2020 USD",MvaCod,MvaCod,"MVA (Manufacturing Value Added), constant 2020 USD",8.87621726892594E9,$,
2020,Lithuania,440,"MVA (Manufacturing Value Added), current USD",MvaCud,MvaCud,"MVA (Manufacturing Value Added), current USD",8.87621726892594E9,$,
2020,Lithuania,440,Population,Pop,Pop,Population,2795765.0,N,
2020,Luxembourg,442,"MVA (Manufacturing Value Added), constant 2020 USD",MvaCod,MvaCod,"MVA (Manufacturing Value Added), constant 2020 USD",3.62906885766999E9,$,
2020,Luxembourg,442,"MVA (Manufacturing Value Added), current USD",MvaCud,MvaCud,"MVA (Manufacturing Value Added), current USD",3.62906885766999E9,$,
2020,Luxembourg,442,Population,Pop,Pop,Population,630597.0,N,
2020,Madagascar,450,"MVA (Manufacturing Value Added), constant 2020 USD",MvaCod,MvaCod,"MVA (Manufacturing Value Added), constant 2020 USD",1.26925062177227E9,$,
2020,Madagascar,450,"MVA (Manufacturing Value Added), current USD",MvaCud,MvaCud,"MVA (Manufacturing Value Added), current USD",1.26925062177227E9,$,
2020,Madagascar,450,Population,Pop,Pop,Population,2.8953556E7,N,
2020,Malawi,454,"MVA (Manufacturing Value Added), constant 2020 USD",MvaCod,MvaCod,"MVA (Manufacturing Value Added), constant 2020 USD",1.41920210890513E9,$,
2020,Malawi,454,"MVA (Manufacturing Value Added), current USD",MvaCud,MvaCud,"MVA (Manufacturing Value Added), current USD",1.41920210890513E9,$,
2020,Malawi,454,Population,Pop,Pop,Population,1.9533888E7,N,
2020,Malaysia,458,"MVA (Manufacturing Value Added), constant 2020 USD",MvaCod,MvaCod,"MVA (Manufacturing Value Added), constant 2020 USD",7.50235171370541E10,$,
2020,Malaysia,458,"MVA (Manufacturing Value Added), current USD",MvaCud,MvaCud,"MVA (Manufacturing Value Added), current USD",7.50235171370541E10,$,
2020,Malaysia,458,Population,Pop,Pop,Population,3.3889558E7,N,
2020,Maldives,462,"MVA (Manufacturing Value Added), constant 2020 USD",MvaCod,MvaCod,"MVA (Manufacturing Value Added), constant 2020 USD",9.9719380654554E7,$,
2020,Maldives,462,"MVA (Manufacturing Value Added), current USD",MvaCud,MvaCud,"MVA (Manufacturing Value Added), current USD",9.9719380654554E7,$,
2020,Maldives,462,Population,Pop,Pop,Population,502118.0,N,
2020,Mali,466,"MVA (Manufacturing Value Added), constant 2020 USD",MvaCod,MvaCod,"MVA (Manufacturing Value Added), constant 2020 USD",1.46383858084926E9,$,
2020,Mali,466,"MVA (Manufacturing Value Added), current USD",MvaCud,MvaCud,"MVA (Manufacturing Value Added), current USD",1.46383858084926E9,$,
2020,Mali,466,Population,Pop,Pop,Population,2.1713836E7,N,
2020,Malta,470,"MVA (Manufacturing Value Added), constant 2020 USD",MvaCod,MvaCod,"MVA (Manufacturing Value Added), constant 2020 USD",1.07572029540854E9,$,
2020,Malta,470,"MVA (Manufacturing Value Added), current USD",MvaCud,MvaCud,"MVA (Manufacturing Value Added), current USD",1.07572029540854E9,$,
2020,Malta,470,Population,Pop,Pop,Population,518207.0,N,
2020,Marshall Islands,584,"MVA (Manufacturing Value Added), constant 2020 USD",MvaCod,MvaCod,"MVA (Manufacturing Value Added), constant 2020 USD",7904537.0,$,
2020,Marshall Islands,584,"MVA (Manufacturing Value Added), current USD",MvaCud,MvaCud,"MVA (Manufacturing Value Added), current USD",7904537.0,$,
2020,Marshall Islands,584,Population,Pop,Pop,Population,42706.0,N,
2020,Mauritania,478,"MVA (Manufacturing Value Added), constant 2020 USD",MvaCod,MvaCod,"MVA (Manufacturing Value Added), constant 2020 USD",5.52276424586014E8,$,
2020,Mauritania,478,"MVA (Manufacturing Value Added), current USD",MvaCud,MvaCud,"MVA (Manufacturing Value Added), current USD",5.52276424586014E8,$,
2020,Mauritania,478,Population,Pop,Pop,Population,4600131.0,N,
2020,Mauritius,480,"MVA (Manufacturing Value Added), constant 2020 USD",MvaCod,MvaCod,"MVA (Manufacturing Value Added), constant 2020 USD",1.2339386042792E9,$,
2020,Mauritius,480,"MVA (Manufacturing Value Added), current USD",MvaCud,MvaCud,"MVA (Manufacturing Value Added), current USD",1.2339386042792E9,$,
2020,Mauritius,480,Population,Pop,Pop,Population,1283223.0,N,
2020,Mexico,484,"MVA (Manufacturing Value Added), constant 2020 USD",MvaCod,MvaCod,"MVA (Manufacturing Value Added), constant 2020 USD",2.27504379962867E11,$,
2020,Mexico,484,"MVA (Manufacturing Value Added), current USD",MvaCud,MvaCud,"MVA (Manufacturing Value Added), current USD",2.27504379962867E11,$,
2020,Mexico,484,Population,Pop,Pop,Population,1.26799054E8,N,
2020,Micronesia (Federated States of),583,"MVA (Manufacturing Value Added), constant 2020 USD",MvaCod,MvaCod,"MVA (Manufacturing Value Added), constant 2020 USD",1841900.0,$,
2020,Micronesia (Federated States of),583,"MVA (Manufacturing Value Added), current USD",MvaCud,MvaCud,"MVA (Manufacturing Value Added), current USD",1841900.0,$,
2020,Micronesia (Federated States of),583,Population,Pop,Pop,Population,110916.0,N,
2020,Monaco,492,"MVA (Manufacturing Value Added), constant 2020 USD",MvaCod,MvaCod,"MVA (Manufacturing Value Added), constant 2020 USD",2.15189746926067E8,$,
2020,Monaco,492,"MVA (Manufacturing Value Added), current USD",MvaCud,MvaCud,"MVA (Manufacturing Value Added), current USD",2.15189746926067E8,$,
2020,Monaco,492,Population,Pop,Pop,Population,38050.0,N,
2020,Mongolia,496,"MVA (Manufacturing Value Added), constant 2020 USD",MvaCod,MvaCod,"MVA (Manufacturing Value Added), constant 2020 USD",1.03257757644547E9,$,
2020,Mongolia,496,"MVA (Manufacturing Value Added), current USD",MvaCud,MvaCud,"MVA (Manufacturing Value Added), current USD",1.03257757644547E9,$,
2020,Mongolia,496,Population,Pop,Pop,Population,3290785.0,N,
2020,Montenegro,499,"MVA (Manufacturing Value Added), constant 2020 USD",MvaCod,MvaCod,"MVA (Manufacturing Value Added), constant 2020 USD",1.81861568970561E8,$,
2020,Montenegro,499,"MVA (Manufacturing Value Added), current USD",MvaCud,MvaCud,"MVA (Manufacturing Value Added), current USD",1.81861568970561E8,$,
2020,Montenegro,499,Population,Pop,Pop,Population,607935.0,N,
2020,Montserrat,500,"MVA (Manufacturing Value Added), constant 2020 USD",MvaCod,MvaCod,"MVA (Manufacturing Value Added), constant 2020 USD",1825185.18518518,$,
2020,Montserrat,500,"MVA (Manufacturing Value Added), current USD",MvaCud,MvaCud,"MVA (Manufacturing Value Added), current USD",1825185.18518519,$,
2020,Montserrat,500,Population,Pop,Pop,Population,4508.0,N,
2020,Morocco,504,"MVA (Manufacturing Value Added), constant 2020 USD",MvaCod,MvaCod,"MVA (Manufacturing Value Added), constant 2020 USD",1.84183228460197E10,$,
2020,Morocco,504,"MVA (Manufacturing Value Added), current USD",MvaCud,MvaCud,"MVA (Manufacturing Value Added), current USD",1.84183228460197E10,$,
2020,Morocco,504,Population,Pop,Pop,Population,3.6584208E7,N,
2020,Mozambique,508,"MVA (Manufacturing Value Added), constant 2020 USD",MvaCod,MvaCod,"MVA (Manufacturing Value Added), constant 2020 USD",1.18706055678399E9,$,
2020,Mozambique,508,"MVA (Manufacturing Value Added), current USD",MvaCud,MvaCud,"MVA (Manufacturing Value Added), current USD",1.18706055678399E9,$,
2020,Mozambique,508,Population,Pop,Pop,Population,3.0783688E7,N,
2020,Myanmar,104,"MVA (Manufacturing Value Added), constant 2020 USD",MvaCod,MvaCod,"MVA (Manufacturing Value Added), constant 2020 USD",2.0453898644284E10,$,
2020,Myanmar,104,"MVA (Manufacturing Value Added), current USD",MvaCud,MvaCud,"MVA (Manufacturing Value Added), current USD",2.0453898644284E10,$,
2020,Myanmar,104,Population,Pop,Pop,Population,5.3016522E7,N,
2020,Namibia,516,"MVA (Manufacturing Value Added), constant 2020 USD",MvaCod,MvaCod,"MVA (Manufacturing Value Added), constant 2020 USD",1.16629135163536E9,$,
2020,Namibia,516,"MVA (Manufacturing Value Added), current USD",MvaCud,MvaCud,"MVA (Manufacturing Value Added), current USD",1.16629135163536E9,$,
2020,Namibia,516,Population,Pop,Pop,Population,2728762.0,N,
2020,Nauru,520,"MVA (Manufacturing Value Added), constant 2020 USD",MvaCod,MvaCod,"MVA (Manufacturing Value Added), constant 2020 USD",2.8379905950325E7,$,
2020,Nauru,520,"MVA (Manufacturing Value Added), current USD",MvaCud,MvaCud,"MVA (Manufacturing Value Added), current USD",2.8379905950325E7,$,
2020,Nauru,520,Population,Pop,Pop,Population,11643.0,N,
2020,Nepal,524,"MVA (Manufacturing Value Added), constant 2020 USD",MvaCod,MvaCod,"MVA (Manufacturing Value Added), constant 2020 USD",1.47039354962694E9,$,
2020,Nepal,524,"MVA (Manufacturing Value Added), current USD",MvaCud,MvaCud,"MVA (Manufacturing Value Added), current USD",1.47039354962694E9,$,
2020,Nepal,524,Population,Pop,Pop,Population,2.8966574E7,N,
2020,Netherlands (Kingdom of the),528,"MVA (Manufacturing Value Added), constant 2020 USD",MvaCod,MvaCod,"MVA (Manufacturing Value Added), constant 2020 USD",9.77697025338507E10,$,
2020,Netherlands (Kingdom of the),528,"MVA (Manufacturing Value Added), current USD",MvaCud,MvaCud,"MVA (Manufacturing Value Added), current USD",9.77697025338507E10,$,
2020,Netherlands (Kingdom of the),528,Population,Pop,Pop,Population,1.7636731E7,N,
2020,New Caledonia,540,"MVA (Manufacturing Value Added), constant 2020 USD",MvaCod,MvaCod,"MVA (Manufacturing Value Added), constant 2020 USD",8.97872662711753E8,$,
2020,New Caledonia,540,"MVA (Manufacturing Value Added), current USD",MvaCud,MvaCud,"MVA (Manufacturing Value Added), current USD",8.97872662711753E8,$,
2020,New Caledonia,540,Population,Pop,Pop,Population,284176.0,N,
2020,New Zealand,554,"MVA (Manufacturing Value Added), constant 2020 USD",MvaCod,MvaCod,"MVA (Manufacturing Value Added), constant 2020 USD",2.00154555329187E10,$,
2020,New Zealand,554,"MVA (Manufacturing Value Added), current USD",MvaCud,MvaCud,"MVA (Manufacturing Value Added), current USD",2.00154555329187E10,$,
2020,New Zealand,554,Population,Pop,Pop,Population,5069895.0,N,
2020,Nicaragua,558,"MVA (Manufacturing Value Added), constant 2020 USD",MvaCod,MvaCod,"MVA (Manufacturing Value Added), constant 2020 USD",1.7778749432893E9,$,
2020,Nicaragua,558,"MVA (Manufacturing Value Added), current USD",MvaCud,MvaCud,"MVA (Manufacturing Value Added), current USD",1.7778749432893E9,$,
2020,Nicaragua,558,Population,Pop,Pop,Population,6565267.0,N,
2020,Niger,562,"MVA (Manufacturing Value Added), constant 2020 USD",MvaCod,MvaCod,"MVA (Manufacturing Value Added), constant 2020 USD",1.1034895189793E9,$,
2020,Niger,562,"MVA (Manufacturing Value Added), current USD",MvaCud,MvaCud,"MVA (Manufacturing Value Added), current USD",1.1034895189793E9,$,
2020,Niger,562,Population,Pop,Pop,Population,2.3717613E7,N,
2020,Nigeria,566,"MVA (Manufacturing Value Added), constant 2020 USD",MvaCod,MvaCod,"MVA (Manufacturing Value Added), constant 2020 USD",4.81353565651977E10,$,
2020,Nigeria,566,"MVA (Manufacturing Value Added), current USD",MvaCud,MvaCud,"MVA (Manufacturing Value Added), current USD",4.81353565651977E10,$,
2020,Nigeria,566,Population,Pop,Pop,Population,2.13996181E8,N,
2020,North Macedonia,807,"MVA (Manufacturing Value Added), constant 2020 USD",MvaCod,MvaCod,"MVA (Manufacturing Value Added), constant 2020 USD",1.64368103213033E9,$,
2020,North Macedonia,807,"MVA (Manufacturing Value Added), current USD",MvaCud,MvaCud,"MVA (Manufacturing Value Added), current USD",1.64368103213033E9,$,
2020,North Macedonia,807,Population,Pop,Pop,Population,1872015.0,N,
2020,Norway,578,"MVA (Manufacturing Value Added), constant 2020 USD",MvaCod,MvaCod,"MVA (Manufacturing Value Added), constant 2020 USD",2.42194176475794E10,$,
2020,Norway,578,"MVA (Manufacturing Value Added), current USD",MvaCud,MvaCud,"MVA (Manufacturing Value Added), current USD",2.42194176475794E10,$,
2020,Norway,578,Population,Pop,Pop,Population,5379274.0,N,
2020,Oman,512,"MVA (Manufacturing Value Added), constant 2020 USD",MvaCod,MvaCod,"MVA (Manufacturing Value Added), constant 2020 USD",6.34309991937581E9,$,
2020,Oman,512,"MVA (Manufacturing Value Added), current USD",MvaCud,MvaCud,"MVA (Manufacturing Value Added), current USD",6.34309991937581E9,$,
2020,Oman,512,Population,Pop,Pop,Population,4522497.0,N,
2020,Pakistan,586,"MVA (Manufacturing Value Added), constant 2020 USD",MvaCod,MvaCod,"MVA (Manufacturing Value Added), constant 2020 USD",3.35349603038843E10,$,
2020,Pakistan,586,"MVA (Manufacturing Value Added), current USD",MvaCud,MvaCud,"MVA (Manufacturing Value Added), current USD",3.35349603038843E10,$,
2020,Pakistan,586,Population,Pop,Pop,Population,2.35001746E8,N,
2020,Palau,585,"MVA (Manufacturing Value Added), constant 2020 USD",MvaCod,MvaCod,"MVA (Manufacturing Value Added), constant 2020 USD",2663493.0,$,
2020,Palau,585,"MVA (Manufacturing Value Added), current USD",MvaCud,MvaCud,"MVA (Manufacturing Value Added), current USD",2663493.0,$,
2020,Palau,585,Population,Pop,Pop,Population,17792.0,N,
2020,Panama,591,"MVA (Manufacturing Value Added), constant 2020 USD",MvaCod,MvaCod,"MVA (Manufacturing Value Added), constant 2020 USD",3.234157048E9,$,
2020,Panama,591,"MVA (Manufacturing Value Added), current USD",MvaCud,MvaCud,"MVA (Manufacturing Value Added), current USD",3.234157048E9,$,
2020,Panama,591,Population,Pop,Pop,Population,4293261.0,N,
2020,Papua New Guinea,598,"MVA (Manufacturing Value Added), constant 2020 USD",MvaCod,MvaCod,"MVA (Manufacturing Value Added), constant 2020 USD",4.01899998001893E8,$,
2020,Papua New Guinea,598,"MVA (Manufacturing Value Added), current USD",MvaCud,MvaCud,"MVA (Manufacturing Value Added), current USD",4.01899998001893E8,$,
2020,Papua New Guinea,598,Population,Pop,Pop,Population,9815746.0,N,
2020,Paraguay,600,"MVA (Manufacturing Value Added), constant 2020 USD",MvaCod,MvaCod,"MVA (Manufacturing Value Added), constant 2020 USD",6.62738604611418E9,$,
2020,Paraguay,600,"MVA (Manufacturing Value Added), current USD",MvaCud,MvaCud,"MVA (Manufacturing Value Added), current USD",6.62738604611418E9,$,
2020,Paraguay,600,Population,Pop,Pop,Population,6603739.0,N,
2020,Peru,604,"MVA (Manufacturing Value Added), constant 2020 USD",MvaCod,MvaCod,"MVA (Manufacturing Value Added), constant 2020 USD",2.46779545409738E10,$,
2020,Peru,604,"MVA (Manufacturing Value Added), current USD",MvaCud,MvaCud,"MVA (Manufacturing Value Added), current USD",2.46779545409738E10,$,
2020,Peru,604,Population,Pop,Pop,Population,3.2838579E7,N,
2020,Philippines,608,"MVA (Manufacturing Value Added), constant 2020 USD",MvaCod,MvaCod,"MVA (Manufacturing Value Added), constant 2020 USD",6.38786649097209E10,$,
2020,Philippines,608,"MVA (Manufacturing Value Added), current USD",MvaCud,MvaCud,"MVA (Manufacturing Value Added), current USD",6.38786649097209E10,$,
2020,Philippines,608,Population,Pop,Pop,Population,1.12081264E8,N,
2020,Poland,616,"MVA (Manufacturing Value Added), constant 2020 USD",MvaCod,MvaCod,"MVA (Manufacturing Value Added), constant 2020 USD",9.82088129769281E10,$,
2020,Poland,616,"MVA (Manufacturing Value Added), current USD",MvaCud,MvaCud,"MVA (Manufacturing Value Added), current USD",9.82088129769281E10,$,
2020,Poland,616,Population,Pop,Pop,Population,3.8171012E7,N,
2020,Portugal,620,"MVA (Manufacturing Value Added), constant 2020 USD",MvaCod,MvaCod,"MVA (Manufacturing Value Added), constant 2020 USD",2.77610158916214E10,$,
2020,Portugal,620,"MVA (Manufacturing Value Added), current USD",MvaCud,MvaCud,"MVA (Manufacturing Value Added), current USD",2.77610158916214E10,$,
2020,Portugal,620,Population,Pop,Pop,Population,1.0370519E7,N,
2020,Puerto Rico,630,"MVA (Manufacturing Value Added), constant 2020 USD",MvaCod,MvaCod,"MVA (Manufacturing Value Added), constant 2020 USD",4.92651E10,$,
2020,Puerto Rico,630,"MVA (Manufacturing Value Added), current USD",MvaCud,MvaCud,"MVA (Manufacturing Value Added), current USD",4.92651E10,$,
2020,Puerto Rico,630,Population,Pop,Pop,Population,3275805.0,N,
2020,Qatar,634,"MVA (Manufacturing Value Added), constant 2020 USD",MvaCod,MvaCod,"MVA (Manufacturing Value Added), constant 2020 USD",1.1424759017033E10,$,
2020,Qatar,634,"MVA (Manufacturing Value Added), current USD",MvaCud,MvaCud,"MVA (Manufacturing Value Added), current USD",1.1424759017033E10,$,
2020,Qatar,634,Population,Pop,Pop,Population,2803375.0,N,
2020,Republic of Korea,410,"MVA (Manufacturing Value Added), constant 2020 USD",MvaCod,MvaCod,"MVA (Manufacturing Value Added), constant 2020 USD",4.48230292751846E11,$,
2020,Republic of Korea,410,"MVA (Manufacturing Value Added), current USD",MvaCud,MvaCud,"MVA (Manufacturing Value Added), current USD",4.48230292751846E11,$,
2020,Republic of Korea,410,Population,Pop,Pop,Population,5.1858482E7,N,
2020,Republic of Moldova,498,"MVA (Manufacturing Value Added), constant 2020 USD",MvaCod,MvaCod,"MVA (Manufacturing Value Added), constant 2020 USD",1.16537379886274E9,$,
2020,Republic of Moldova,498,"MVA (Manufacturing Value Added), current USD",MvaCud,MvaCud,"MVA (Manufacturing Value Added), current USD",1.16537379886274E9,$,
2020,Republic of Moldova,498,Population,Pop,Pop,Population,3069131.0,N,
2020,Romania,642,"MVA (Manufacturing Value Added), constant 2020 USD",MvaCod,MvaCod,"MVA (Manufacturing Value Added), constant 2020 USD",3.98278821628224E10,$,
2020,Romania,642,"MVA (Manufacturing Value Added), current USD",MvaCud,MvaCud,"MVA (Manufacturing Value Added), current USD",3.98278821628224E10,$,
2020,Romania,642,Population,Pop,Pop,Population,1.9392469E7,N,
2020,Russian Federation,643,"MVA (Manufacturing Value Added), constant 2020 USD",MvaCod,MvaCod,"MVA (Manufacturing Value Added), constant 2020 USD",2.00114179346783E11,$,
2020,Russian Federation,643,"MVA (Manufacturing Value Added), current USD",MvaCud,MvaCud,"MVA (Manufacturing Value Added), current USD",2.00114179346783E11,$,
2020,Russian Federation,643,Population,Pop,Pop,Population,1.46371299E8,N,
2020,Rwanda,646,"MVA (Manufacturing Value Added), constant 2020 USD",MvaCod,MvaCod,"MVA (Manufacturing Value Added), constant 2020 USD",8.79910225424168E8,$,
2020,Rwanda,646,"MVA (Manufacturing Value Added), current USD",MvaCud,MvaCud,"MVA (Manufacturing Value Added), current USD",8.79910225424168E8,$,
2020,Rwanda,646,Population,Pop,Pop,Population,1.3065837E7,N,
2020,Saint Kitts and Nevis,659,"MVA (Manufacturing Value Added), constant 2020 USD",MvaCod,MvaCod,"MVA (Manufacturing Value Added), constant 2020 USD",4.48888888888889E7,$,
2020,Saint Kitts and Nevis,659,"MVA (Manufacturing Value Added), current USD",MvaCud,MvaCud,"MVA (Manufacturing Value Added), current USD",4.48888888888889E7,$,
2020,Saint Kitts and Nevis,659,Population,Pop,Pop,Population,46870.0,N,
2020,Saint Lucia,662,"MVA (Manufacturing Value Added), constant 2020 USD",MvaCod,MvaCod,"MVA (Manufacturing Value Added), constant 2020 USD",4.46403448148148E7,$,
2020,Saint Lucia,662,"MVA (Manufacturing Value Added), current USD",MvaCud,MvaCud,"MVA (Manufacturing Value Added), current USD",4.46403448148148E7,$,
2020,Saint Lucia,662,Population,Pop,Pop,Population,178250.0,N,
2020,Saint Vincent and the Grenadines,670,"MVA (Manufacturing Value Added), constant 2020 USD",MvaCod,MvaCod,"MVA (Manufacturing Value Added), constant 2020 USD",3.05082585185185E7,$,
2020,Saint Vincent and the Grenadines,670,"MVA (Manufacturing Value Added), current USD",MvaCud,MvaCud,"MVA (Manufacturing Value Added), current USD",3.05082585185185E7,$,
2020,Saint Vincent and the Grenadines,670,Population,Pop,Pop,Population,103526.0,N,
2020,Samoa,882,"MVA (Manufacturing Value Added), constant 2020 USD",MvaCod,MvaCod,"MVA (Manufacturing Value Added), constant 2020 USD",3.76166877575987E7,$,
2020,Samoa,882,"MVA (Manufacturing Value Added), current USD",MvaCud,MvaCud,"MVA (Manufacturing Value Added), current USD",3.76166877575987E7,$,
2020,Samoa,882,Population,Pop,Pop,Population,211944.0,N,
2020,San Marino,674,"MVA (Manufacturing Value Added), constant 2020 USD",MvaCod,MvaCod,"MVA (Manufacturing Value Added), constant 2020 USD",4.90802229976043E8,$,
2020,San Marino,674,"MVA (Manufacturing Value Added), current USD",MvaCud,MvaCud,"MVA (Manufacturing Value Added), current USD",4.90802229976043E8,$,
2020,San Marino,674,Population,Pop,Pop,Population,34769.0,N,
2020,Sao Tome and Principe,678,"MVA (Manufacturing Value Added), constant 2020 USD",MvaCod,MvaCod,"MVA (Manufacturing Value Added), constant 2020 USD",4063735.52033472,$,
2020,Sao Tome and Principe,678,"MVA (Manufacturing Value Added), current USD",MvaCud,MvaCud,"MVA (Manufacturing Value Added), current USD",4063735.52033472,$,
2020,Sao Tome and Principe,678,Population,Pop,Pop,Population,217435.0,N,
2020,Saudi Arabia,682,"MVA (Manufacturing Value Added), constant 2020 USD",MvaCod,MvaCod,"MVA (Manufacturing Value Added), constant 2020 USD",1.027992E11,$,
2020,Saudi Arabia,682,"MVA (Manufacturing Value Added), current USD",MvaCud,MvaCud,"MVA (Manufacturing Value Added), current USD",1.027992E11,$,
2020,Saudi Arabia,682,Population,Pop,Pop,Population,3.0991207E7,N,
2020,Senegal,686,"MVA (Manufacturing Value Added), constant 2020 USD",MvaCod,MvaCod,"MVA (Manufacturing Value Added), constant 2020 USD",3.36400728610173E9,$,
2020,Senegal,686,"MVA (Manufacturing Value Added), current USD",MvaCud,MvaCud,"MVA (Manufacturing Value Added), current USD",3.36400728610173E9,$,
2020,Senegal,686,Population,Pop,Pop,Population,1.6789219E7,N,
2020,Serbia,688,"MVA (Manufacturing Value Added), constant 2020 USD",MvaCod,MvaCod,"MVA (Manufacturing Value Added), constant 2020 USD",8.29501125339243E9,$,
2020,Serbia,688,"MVA (Manufacturing Value Added), current USD",MvaCud,MvaCud,"MVA (Manufacturing Value Added), current USD",8.29501125339243E9,$,
2020,Serbia,688,Population,Pop,Pop,Population,6907812.0,N,
2020,Seychelles,690,"MVA (Manufacturing Value Added), constant 2020 USD",MvaCod,MvaCod,"MVA (Manufacturing Value Added), constant 2020 USD",9.22884468590373E7,$,
2020,Seychelles,690,"MVA (Manufacturing Value Added), current USD",MvaCud,MvaCud,"MVA (Manufacturing Value Added), current USD",9.22884468590373E7,$,
2020,Seychelles,690,Population,Pop,Pop,Population,120291.0,N,
2020,Sierra Leone,694,"MVA (Manufacturing Value Added), constant 2020 USD",MvaCod,MvaCod,"MVA (Manufacturing Value Added), constant 2020 USD",4.70270746802282E8,$,
2020,Sierra Leone,694,"MVA (Manufacturing Value Added), current USD",MvaCud,MvaCud,"MVA (Manufacturing Value Added), current USD",4.70270746802282E8,$,
2020,Sierra Leone,694,Population,Pop,Pop,Population,7912558.0,N,
2020,Singapore,702,"MVA (Manufacturing Value Added), constant 2020 USD",MvaCod,MvaCod,"MVA (Manufacturing Value Added), constant 2020 USD",6.8625020384251E10,$,
2020,Singapore,702,"MVA (Manufacturing Value Added), current USD",MvaCud,MvaCud,"MVA (Manufacturing Value Added), current USD",6.8625020384251E10,$,
2020,Singapore,702,Population,Pop,Pop,Population,5620150.0,N,
2020,Sint Maarten (Dutch part),534,"MVA (Manufacturing Value Added), constant 2020 USD",MvaCod,MvaCod,"MVA (Manufacturing Value Added), constant 2020 USD",1.27121921787709E7,$,
2020,Sint Maarten (Dutch part),534,"MVA (Manufacturing Value Added), current USD",MvaCud,MvaCud,"MVA (Manufacturing Value Added), current USD",1.2712192178771E7,$,
2020,Sint Maarten (Dutch part),534,Population,Pop,Pop,Population,41008.0,N,
2020,Slovakia,703,"MVA (Manufacturing Value Added), constant 2020 USD",MvaCod,MvaCod,"MVA (Manufacturing Value Added), constant 2020 USD",1.88969847129818E10,$,
2020,Slovakia,703,"MVA (Manufacturing Value Added), current USD",MvaCud,MvaCud,"MVA (Manufacturing Value Added), current USD",1.88969847129818E10,$,
2020,Slovakia,703,Population,Pop,Pop,Population,5455024.0,N,
2020,Slovenia,705,"MVA (Manufacturing Value Added), constant 2020 USD",MvaCod,MvaCod,"MVA (Manufacturing Value Added), constant 2020 USD",1.09533728514053E10,$,
2020,Slovenia,705,"MVA (Manufacturing Value Added), current USD",MvaCud,MvaCud,"MVA (Manufacturing Value Added), current USD",1.09533728514053E10,$,
2020,Slovenia,705,Population,Pop,Pop,Population,2102419.0,N,
2020,Solomon Islands,090,"MVA (Manufacturing Value Added), constant 2020 USD",MvaCod,MvaCod,"MVA (Manufacturing Value Added), constant 2020 USD",1.48719740555292E8,$,
2020,Solomon Islands,090,"MVA (Manufacturing Value Added), current USD",MvaCud,MvaCud,"MVA (Manufacturing Value Added), current USD",1.48719740555292E8,$,
2020,Solomon Islands,090,Population,Pop,Pop,Population,744498.0,N,
2020,Somalia,706,"MVA (Manufacturing Value Added), constant 2020 USD",MvaCod,MvaCod,"MVA (Manufacturing Value Added), constant 2020 USD",1.88015701280453E8,$,
2020,Somalia,706,"MVA (Manufacturing Value Added), current USD",MvaCud,MvaCud,"MVA (Manufacturing Value Added), current USD",1.88015701280453E8,$,
2020,Somalia,706,Population,Pop,Pop,Population,1.6651191E7,N,
2020,South Africa,710,"MVA (Manufacturing Value Added), constant 2020 USD",MvaCod,MvaCod,"MVA (Manufacturing Value Added), constant 2020 USD",3.96276855068362E10,$,
2020,South Africa,710,"MVA (Manufacturing Value Added), current USD",MvaCud,MvaCud,"MVA (Manufacturing Value Added), current USD",3.96276855068362E10,$,
2020,South Africa,710,Population,Pop,Pop,Population,6.0562381E7,N,
2020,South Sudan,728,"MVA (Manufacturing Value Added), constant 2020 USD",MvaCod,MvaCod,"MVA (Manufacturing Value Added), constant 2020 USD",1.06539888005954E8,$,
2020,South Sudan,728,"MVA (Manufacturing Value Added), current USD",MvaCud,MvaCud,"MVA (Manufacturing Value Added), current USD",1.06539888005954E8,$,
2020,South Sudan,728,Population,Pop,Pop,Population,1.0698467E7,N,
2020,Spain,724,"MVA (Manufacturing Value Added), constant 2020 USD",MvaCod,MvaCod,"MVA (Manufacturing Value Added), constant 2020 USD",1.39982986328403E11,$,
2020,Spain,724,"MVA (Manufacturing Value Added), current USD",MvaCud,MvaCud,"MVA (Manufacturing Value Added), current USD",1.39982986328403E11,$,
2020,Spain,724,Population,Pop,Pop,Population,4.7679489E7,N,
2020,Sri Lanka,144,"MVA (Manufacturing Value Added), constant 2020 USD",MvaCod,MvaCod,"MVA (Manufacturing Value Added), constant 2020 USD",1.37297707720936E10,$,
2020,Sri Lanka,144,"MVA (Manufacturing Value Added), current USD",MvaCud,MvaCud,"MVA (Manufacturing Value Added), current USD",1.37297707720936E10,$,
2020,Sri Lanka,144,Population,Pop,Pop,Population,2.2561807E7,N,
2020,State of Palestine,275,"MVA (Manufacturing Value Added), constant 2020 USD",MvaCod,MvaCod,"MVA (Manufacturing Value Added), constant 2020 USD",1.7158E9,$,
2020,State of Palestine,275,"MVA (Manufacturing Value Added), current USD",MvaCud,MvaCud,"MVA (Manufacturing Value Added), current USD",1.7158E9,$,
2020,State of Palestine,275,Population,Pop,Pop,Population,5069692.0,N,
2020,Sudan,729,"MVA (Manufacturing Value Added), constant 2020 USD",MvaCod,MvaCod,"MVA (Manufacturing Value Added), constant 2020 USD",3.40837647932192E9,$,
2020,Sudan,729,"MVA (Manufacturing Value Added), current USD",MvaCud,MvaCud,"MVA (Manufacturing Value Added), current USD",3.40837647932192E9,$,
2020,Sudan,729,Population,Pop,Pop,Population,4.6789231E7,N,
2020,Suriname,740,"MVA (Manufacturing Value Added), constant 2020 USD",MvaCod,MvaCod,"MVA (Manufacturing Value Added), constant 2020 USD",9.61118031346126E8,$,
2020,Suriname,740,"MVA (Manufacturing Value Added), current USD",MvaCud,MvaCud,"MVA (Manufacturing Value Added), current USD",9.61118031346126E8,$,
2020,Suriname,740,Population,Pop,Pop,Population,612317.0,N,
2020,Sweden,752,"MVA (Manufacturing Value Added), constant 2020 USD",MvaCod,MvaCod,"MVA (Manufacturing Value Added), constant 2020 USD",6.89097399491729E10,$,
2020,Sweden,752,"MVA (Manufacturing Value Added), current USD",MvaCud,MvaCud,"MVA (Manufacturing Value Added), current USD",6.89097399491729E10,$,
2020,Sweden,752,Population,Pop,Pop,Population,1.0353686E7,N,
2020,Switzerland,756,"MVA (Manufacturing Value Added), constant 2020 USD",MvaCod,MvaCod,"MVA (Manufacturing Value Added), constant 2020 USD",1.31964450219124E11,$,
2020,Switzerland,756,"MVA (Manufacturing Value Added), current USD",MvaCud,MvaCud,"MVA (Manufacturing Value Added), current USD",1.31964450219124E11,$,
2020,Switzerland,756,Population,Pop,Pop,Population,8640582.0,N,
2020,Syrian Arab Republic,760,"MVA (Manufacturing Value Added), constant 2020 USD",MvaCod,MvaCod,"MVA (Manufacturing Value Added), constant 2020 USD",7.2301675007654E8,$,
2020,Syrian Arab Republic,760,"MVA (Manufacturing Value Added), current USD",MvaCud,MvaCud,"MVA (Manufacturing Value Added), current USD",7.2301675007654E8,$,
2020,Syrian Arab Republic,760,Population,Pop,Pop,Population,2.1049429E7,N,
2020,Tajikistan,762,"MVA (Manufacturing Value Added), constant 2020 USD",MvaCod,MvaCod,"MVA (Manufacturing Value Added), constant 2020 USD",1.27100117629678E9,$,
2020,Tajikistan,762,"MVA (Manufacturing Value Added), current USD",MvaCud,MvaCud,"MVA (Manufacturing Value Added), current USD",1.27100117629678E9,$,
2020,Tajikistan,762,Population,Pop,Pop,Population,9749310.0,N,
2020,Thailand,764,"MVA (Manufacturing Value Added), constant 2020 USD",MvaCod,MvaCod,"MVA (Manufacturing Value Added), constant 2020 USD",1.27894701678125E11,$,
2020,Thailand,764,"MVA (Manufacturing Value Added), current USD",MvaCud,MvaCud,"MVA (Manufacturing Value Added), current USD",1.27894701678125E11,$,
2020,Thailand,764,Population,Pop,Pop,Population,7.1641484E7,N,
2020,Timor-Leste,626,"MVA (Manufacturing Value Added), constant 2020 USD",MvaCod,MvaCod,"MVA (Manufacturing Value Added), constant 2020 USD",3.3029134E7,$,
2020,Timor-Leste,626,"MVA (Manufacturing Value Added), current USD",MvaCud,MvaCud,"MVA (Manufacturing Value Added), current USD",3.3029134E7,$,
2020,Timor-Leste,626,Population,Pop,Pop,Population,1326053.0,N,
2020,Togo,768,"MVA (Manufacturing Value Added), constant 2020 USD",MvaCod,MvaCod,"MVA (Manufacturing Value Added), constant 2020 USD",1.0325998119169E9,$,
2020,Togo,768,"MVA (Manufacturing Value Added), current USD",MvaCud,MvaCud,"MVA (Manufacturing Value Added), current USD",1.0325998119169E9,$,
2020,Togo,768,Population,Pop,Pop,Population,7788054.0,N,
2020,Tonga,776,"MVA (Manufacturing Value Added), constant 2020 USD",MvaCod,MvaCod,"MVA (Manufacturing Value Added), constant 2020 USD",2.73901158043377E7,$,
2020,Tonga,776,"MVA (Manufacturing Value Added), current USD",MvaCud,MvaCud,"MVA (Manufacturing Value Added), current USD",2.73901158043377E7,$,
2020,Tonga,776,Population,Pop,Pop,Population,105704.0,N,
2020,Trinidad and Tobago,780,"MVA (Manufacturing Value Added), constant 2020 USD",MvaCod,MvaCod,"MVA (Manufacturing Value Added), constant 2020 USD",3.15337930299835E9,$,
2020,Trinidad and Tobago,780,"MVA (Manufacturing Value Added), current USD",MvaCud,MvaCud,"MVA (Manufacturing Value Added), current USD",3.15337930299835E9,$,
2020,Trinidad and Tobago,780,Population,Pop,Pop,Population,1481024.0,N,
2020,Tunisia,788,"MVA (Manufacturing Value Added), constant 2020 USD",MvaCod,MvaCod,"MVA (Manufacturing Value Added), constant 2020 USD",5.81878345409992E9,$,
2020,Tunisia,788,"MVA (Manufacturing Value Added), current USD",MvaCud,MvaCud,"MVA (Manufacturing Value Added), current USD",5.81878345409992E9,$,
2020,Tunisia,788,Population,Pop,Pop,Population,1.1974057E7,N,
2020,Türkiye,792,"MVA (Manufacturing Value Added), constant 2020 USD",MvaCod,MvaCod,"MVA (Manufacturing Value Added), constant 2020 USD",1.37866964353752E11,$,
2020,Türkiye,792,"MVA (Manufacturing Value Added), current USD",MvaCud,MvaCud,"MVA (Manufacturing Value Added), current USD",1.37866964353752E11,$,
2020,Türkiye,792,Population,Pop,Pop,Population,8.6091692E7,N,
2020,Turkmenistan,795,"MVA (Manufacturing Value Added), constant 2020 USD",MvaCod,MvaCod,"MVA (Manufacturing Value Added), constant 2020 USD",1.34394798625714E10,$,
2020,Turkmenistan,795,"MVA (Manufacturing Value Added), current USD",MvaCud,MvaCud,"MVA (Manufacturing Value Added), current USD",1.34394798625714E10,$,
2020,Turkmenistan,795,Population,Pop,Pop,Population,6949912.0,N,
2020,Turks and Caicos Islands,796,"MVA (Manufacturing Value Added), constant 2020 USD",MvaCod,MvaCod,"MVA (Manufacturing Value Added), constant 2020 USD",6199000.0,$,
2020,Turks and Caicos Islands,796,"MVA (Manufacturing Value Added), current USD",MvaCud,MvaCud,"MVA (Manufacturing Value Added), current USD",6199000.0,$,
2020,Turks and Caicos Islands,796,Population,Pop,Pop,Population,44386.0,N,
2020,Tuvalu,798,"MVA (Manufacturing Value Added), constant 2020 USD",MvaCod,MvaCod,"MVA (Manufacturing Value Added), constant 2020 USD",116661.438373599,$,
2020,Tuvalu,798,"MVA (Manufacturing Value Added), current USD",MvaCud,MvaCud,"MVA (Manufacturing Value Added), current USD",116661.438373599,$,
2020,Tuvalu,798,Population,Pop,Pop,Population,10399.0,N,
2020,Uganda,800,"MVA (Manufacturing Value Added), constant 2020 USD",MvaCod,MvaCod,"MVA (Manufacturing Value Added), constant 2020 USD",6.08786567831682E9,$,
2020,Uganda,800,"MVA (Manufacturing Value Added), current USD",MvaCud,MvaCud,"MVA (Manufacturing Value Added), current USD",6.08786567831682E9,$,
2020,Uganda,800,Population,Pop,Pop,Population,4.4457152E7,N,
2020,Ukraine,804,"MVA (Manufacturing Value Added), constant 2020 USD",MvaCod,MvaCod,"MVA (Manufacturing Value Added), constant 2020 USD",1.58205551049664E10,$,
2020,Ukraine,804,"MVA (Manufacturing Value Added), current USD",MvaCud,MvaCud,"MVA (Manufacturing Value Added), current USD",1.58205551049664E10,$,
2020,Ukraine,804,Population,Pop,Pop,Population,4.4680014E7,N,
2020,United Arab Emirates,784,"MVA (Manufacturing Value Added), constant 2020 USD",MvaCod,MvaCod,"MVA (Manufacturing Value Added), constant 2020 USD",3.21162502066712E10,$,
2020,United Arab Emirates,784,"MVA (Manufacturing Value Added), current USD",MvaCud,MvaCud,"MVA (Manufacturing Value Added), current USD",3.21162502066712E10,$,
2020,United Arab Emirates,784,Population,Pop,Pop,Population,9448524.0,N,
2020,United Kingdom,826,"MVA (Manufacturing Value Added), constant 2020 USD",MvaCod,MvaCod,"MVA (Manufacturing Value Added), constant 2020 USD",2.47388595795252E11,$,
2020,United Kingdom,826,"MVA (Manufacturing Value Added), current USD",MvaCud,MvaCud,"MVA (Manufacturing Value Added), current USD",2.47388595795252E11,$,
2020,United Kingdom,826,Population,Pop,Pop,Population,6.7351861E7,N,
2020,United Republic of Tanzania,834,"MVA (Manufacturing Value Added), constant 2020 USD",MvaCod,MvaCod,"MVA (Manufacturing Value Added), constant 2020 USD",5.02678352657873E9,$,
2020,United Republic of Tanzania,834,"MVA (Manufacturing Value Added), current USD",MvaCud,MvaCud,"MVA (Manufacturing Value Added), current USD",5.02678352657873E9,$,
2020,United Republic of Tanzania,834,Population,Pop,Pop,Population,6.0972798E7,N,
2020,United States of America,840,"MVA (Manufacturing Value Added), constant 2020 USD",MvaCod,MvaCod,"MVA (Manufacturing Value Added), constant 2020 USD",2.156754E12,$,
2020,United States of America,840,"MVA (Manufacturing Value Added), current USD",MvaCud,MvaCud,"MVA (Manufacturing Value Added), current USD",2.156754E12,$,
2020,United States of America,840,Population,Pop,Pop,Population,3.39436159E8,N,
2020,Uruguay,858,"MVA (Manufacturing Value Added), constant 2020 USD",MvaCod,MvaCod,"MVA (Manufacturing Value Added), constant 2020 USD",5.20217730453161E9,$,
2020,Uruguay,858,"MVA (Manufacturing Value Added), current USD",MvaCud,MvaCud,"MVA (Manufacturing Value Added), current USD",5.20217730453161E9,$,
2020,Uruguay,858,Population,Pop,Pop,Population,3398968.0,N,
2020,Uzbekistan,860,"MVA (Manufacturing Value Added), constant 2020 USD",MvaCod,MvaCod,"MVA (Manufacturing Value Added), constant 2020 USD",1.27091730713013E10,$,
2020,Uzbekistan,860,"MVA (Manufacturing Value Added), current USD",MvaCud,MvaCud,"MVA (Manufacturing Value Added), current USD",1.27091730713013E10,$,
2020,Uzbekistan,860,Population,Pop,Pop,Population,3.3586372E7,N,
2020,Vanuatu,548,"MVA (Manufacturing Value Added), constant 2020 USD",MvaCod,MvaCod,"MVA (Manufacturing Value Added), constant 2020 USD",2.35396082509967E7,$,
2020,Vanuatu,548,"MVA (Manufacturing Value Added), current USD",MvaCud,MvaCud,"MVA (Manufacturing Value Added), current USD",2.35396082509967E7,$,
2020,Vanuatu,548,Population,Pop,Pop,Population,298858.0,N,
2020,Venezuela (Bolivarian Republic of),862,"MVA (Manufacturing Value Added), constant 2020 USD",MvaCod,MvaCod,"MVA (Manufacturing Value Added), constant 2020 USD",1.560326908199E10,$,
2020,Venezuela (Bolivarian Republic of),862,"MVA (Manufacturing Value Added), current USD",MvaCud,MvaCud,"MVA (Manufacturing Value Added), current USD",1.560326908199E10,$,
2020,Venezuela (Bolivarian Republic of),862,Population,Pop,Pop,Population,2.8444077E7,N,
2020,Viet Nam,704,"MVA (Manufacturing Value Added), constant 2020 USD",MvaCod,MvaCod,"MVA (Manufacturing Value Added), constant 2020 USD",8.30049133258288E10,$,
2020,Viet Nam,704,"MVA (Manufacturing Value Added), current USD",MvaCud,MvaCud,"MVA (Manufacturing Value Added), current USD",8.30049133258288E10,$,
2020,Viet Nam,704,Population,Pop,Pop,Population,9.8079191E7,N,
2020,Yemen,887,"MVA (Manufacturing Value Added), constant 2020 USD",MvaCod,MvaCod,"MVA (Manufacturing Value Added), constant 2020 USD",9.85946351003287E8,$,
2020,Yemen,887,"MVA (Manufacturing Value Added), current USD",MvaCud,MvaCud,"MVA (Manufacturing Value Added), current USD",9.85946351003287E8,$,
2020,Yemen,887,Population,Pop,Pop,Population,3.6134863E7,N,
2020,Zambia,894,"MVA (Manufacturing Value Added), constant 2020 USD",MvaCod,MvaCod,"MVA (Manufacturing Value Added), constant 2020 USD",1.39730273922894E9,$,
2020,Zambia,894,"MVA (Manufacturing Value Added), current USD",MvaCud,MvaCud,"MVA (Manufacturing Value Added), current USD",1.39730273922894E9,$,
2020,Zambia,894,Population,Pop,Pop,Population,1.9059395E7,N,
2020,Zimbabwe,716,"MVA (Manufacturing Value Added), constant 2020 USD",MvaCod,MvaCod,"MVA (Manufacturing Value Added), constant 2020 USD",4.653230446E9,$,
2020,Zimbabwe,716,"MVA (Manufacturing Value Added), current USD",MvaCud,MvaCud,"MVA (Manufacturing Value Added), current USD",4.653230446E9,$,
2020,Zimbabwe,716,Population,Pop,Pop,Population,1.5526888E7,N,
