year,observed,original_bau2,fitted,original_bau,forecast_median,p10,p90,alternate_bau,sensitivity_low,sensitivity_high,benchmark,hybrid_2026
1950,,2.6690889,2.8546251,2.6690889,,,,,,,2.4930929,2.8546251
1951,,2.713752,2.9003485,2.713752,,,,,,,2.536927,2.9003485
1952,,2.7592059,2.9468079,2.7592059,,,,,,,2.5840863,2.9468079
1953,,2.8054821,2.9940337,2.8054821,,,,,,,2.6341062,2.9940337
1954,,2.8526129,3.0420564,2.8526129,,,,,,,2.6858949,3.0420564
1955,,2.9006415,3.0909074,2.9006415,,,,,,,2.7402138,3.0909074
1956,,2.949658,3.1406176,2.949658,,,,,,,2.79541,3.1406176
1957,,2.9997065,3.191219,2.9997065,,,,,,,2.8526183,3.191219
1958,,3.0508127,3.2427444,3.0508127,,,,,,,2.9112497,3.2427444
1959,,3.1030009,3.2952483,3.1030009,,,,,,,2.9659503,3.2952483
1960,3.0215126,3.1562961,3.3488282,3.1562961,,,,,,,3.0154709,3.3488282
1961,3.0627681,3.2107239,3.4035196,3.2107239,,,,,,,3.0648697,3.4035196
1962,3.1173722,3.2663105,3.4593478,3.2663105,,,,,,,3.1233743,3.4593478
1963,3.184063,3.3230658,3.5163369,3.3230658,,,,,,,3.1928078,3.5163369
1964,3.2512492,3.3806851,3.5745113,3.3806851,,,,,,,3.2644873,3.5745113
1965,3.3189793,3.4391157,3.6338958,3.4391157,,,,,,,3.3345337,3.6338958
1966,3.3890422,3.4983767,3.6945152,3.4983767,,,,,,,3.4040411,3.6945152
1967,3.4589322,3.5583923,3.756285,3.5583923,,,,,,,3.4734129,3.756285
1968,3.5305769,3.6192846,3.8188794,3.6192846,,,,,,,3.5451872,3.8188794
1969,3.6046942,3.6811158,3.8823194,3.6811158,,,,,,,3.6194916,3.8823194
1970,3.6804938,3.7438403,3.9466399,3.7438403,,,,,,,3.6946838,3.9466399
1971,3.7585154,3.8074703,4.0117602,3.8074703,,,,,,,3.7698479,4.0117602
1972,3.8343452,3.8721047,4.0777437,3.8721047,,,,,,,3.8449177,4.0777437
1973,3.9109642,3.9377518,4.1447454,3.9377518,,,,,,,3.920805,4.1447454
1974,3.9871868,4.0044299,4.2130098,4.0044299,,,,,,,3.9964161,4.2130098
1975,4.0619599,4.0721668,4.2825794,4.0721668,,,,,,,4.0707353,4.2825794
1976,4.1356442,4.1409972,4.3533874,4.1409972,,,,,,,4.1442464,4.3533874
1977,4.2088409,4.2109681,4.4252801,4.2109681,,,,,,,4.2178638,4.4252801
1978,4.2833094,4.2821105,4.4982517,4.2821105,,,,,,,4.2920975,4.4982517
1979,4.3599309,4.3542928,4.572312,4.3542928,,,,,,,4.3685395,4.572312
1980,4.4374734,4.4274845,4.6474778,4.4274845,,,,,,,4.4476062,4.6474778
1981,4.5167926,4.5016781,4.7237768,4.5016781,,,,,,,4.5287773,4.7237768
1982,4.5993859,4.5767376,4.8012604,4.5767376,,,,,,,4.6126734,4.8012604
1983,4.6827347,4.6526279,4.8799483,4.6526279,,,,,,,4.6973276,4.8799483
1984,4.7658132,4.7293297,4.9597251,4.7293297,,,,,,,4.7821755,4.9597251
1985,4.8504942,4.8066077,5.0405063,4.8066077,,,,,,,4.8689435,5.0405063
1986,4.93746,4.8843854,5.1222189,4.8843854,,,,,,,4.9580728,5.1222189
1987,5.0267704,4.9626431,5.2045097,4.9626431,,,,,,,5.0497464,5.2045097
1988,5.1168988,5.0413532,5.287328,5.0413532,,,,,,,5.1419925,5.287328
1989,5.2073784,5.120497,5.3706636,5.120497,,,,,,,5.2344317,5.3706636
1990,5.298962,5.200146,5.454499,5.200146,,,,,,,5.3278031,5.454499
1991,5.3882033,5.2802749,5.5388109,5.2802749,,,,,,,5.4187359,5.5388109
1992,5.4768229,5.3608294,5.6235714,5.3608294,,,,,,,5.5059898,5.6235714
1993,5.5644591,5.4417521,5.7087478,5.4417521,,,,,,,5.5915448,5.7087478
1994,5.6505344,5.5229738,5.794303,5.5229738,,,,,,,5.6755513,5.794303
1995,5.7362051,5.6044107,5.8802037,5.6044107,,,,,,,5.758879,5.8802037
1996,5.8223279,5.685882,5.966514,5.685882,,,,,,,5.8420557,5.966514
1997,5.9081803,5.7672145,6.0531928,5.7672145,,,,,,,5.9247878,6.0531928
1998,5.9937308,5.848279,6.140178,5.848279,,,,,,,6.0070667,6.140178
1999,6.0780698,5.9287303,6.2273875,5.9287303,,,,,,,6.0890063,6.2273875
2000,6.1615285,6.0083313,6.314691,6.0083313,,,,,,,6.171703,6.314691
2001,6.2447397,6.087138,6.4018571,6.087138,,,,,,,6.2549365,6.4018571
2002,6.3271713,6.1652224,6.4887524,6.1652224,,,,,,,6.3377303,6.4887524
2003,6.4093524,6.2424909,6.575235,6.2424909,,,,,,,6.4203616,6.575235
2004,6.4923546,6.3187951,6.6611743,6.3187951,,,,,,,6.5033778,6.6611743
2005,6.57541,6.3939925,6.746997,6.3939925,,,,,,,6.5869701,6.746997
2006,6.659536,6.4682238,6.8324959,6.4682238,,,,,,,6.671452,6.8324959
2007,6.7440495,6.5422854,6.9171105,6.5422854,,,,,,,6.7573088,6.9171105
2008,6.8300809,6.6161234,7.0007685,6.6161234,,,,,,,6.8444577,7.0007685
2009,6.9161682,6.6896616,7.0833217,6.6896616,,,,,,,6.9327664,7.0833217
2010,7.0008601,6.7628035,7.1645493,6.7617677,,,,,,,7.0217321,7.1645493
2011,7.0867041,6.8353226,7.2442156,6.8316077,,,,,,,7.1109238,7.2442156
2012,7.1764822,6.9061794,7.3230836,6.898488,,,,,,,7.2012025,7.3230836
2013,7.2654047,6.9751409,7.4010729,6.9624031,,,,,,,7.2917936,7.4010729
2014,7.3535322,7.0421273,7.4779553,7.0233814,,,,,,,7.3816162,7.4779553
2015,7.4410848,7.1072015,7.5536464,7.0815655,,,,,,,7.4704919,7.5536464
2016,7.5282216,7.1710087,7.6280506,7.1371808,,,,,,,7.5585545,7.6280506
2017,7.6137887,7.2335852,7.701074,7.1887764,,,,,,,7.645618,7.701074
2018,7.6961597,7.2948761,7.7726304,7.2370937,,,,,,,7.7299028,7.7726304
2019,7.7771625,7.3546903,7.8421567,7.2823359,,,,,,,7.8112937,7.8421567
2020,7.8538631,7.4128553,7.9091346,7.3245372,,,,,,,7.8870013,7.9091346
2021,7.919568,7.4693356,7.9736936,7.3637085,,,,,,,7.9544484,7.9736936
2022,7.9885502,7.5240907,8.0365838,7.3991381,,,,,,,8.0214072,8.0365838
2023,8.0629234,7.5770806,8.0978706,7.4262025,,,,,,,8.0917349,8.0978706
2024,8.1408975,7.6282677,8.1575021,7.4453881,,,,,,,8.1619726,8.1575021
2025,8.2154249,7.6776172,8.2154249,7.4578957,8.2154249,8.2154249,8.2154249,,8.2154249,8.2154249,8.2316131,8.2154249
2026,,7.7250975,,7.4646188,8.2715938,8.2606395,8.3125115,,8.2606395,8.3125115,8.3006784,8.2715938
2027,,7.7706801,,7.4659135,8.3259732,8.3029447,8.408937,,8.3029447,8.408937,8.3690943,8.3259732
2028,,7.8143394,,7.4611308,8.3785378,8.3424891,8.5046944,,8.3424891,8.5046944,8.4366189,8.3785378
2029,,7.8564276,,7.4508185,8.4292714,8.3791801,8.5997251,,8.3791801,8.5997251,8.5032853,8.4292714
2030,,7.8970733,,7.4354331,8.478166,8.412887,8.6939657,,8.412887,8.6939657,8.5691249,8.478166
2031,,7.9346221,,7.4157526,8.5252214,8.4425422,8.7873553,,8.4425422,8.7873553,8.6341193,8.5252214
2032,,7.9685969,,7.3931986,8.5704432,8.4676037,8.8798449,,8.4676037,8.8798449,8.6982298,8.5704432
2033,,7.9988478,,7.3673572,8.6141446,8.4877883,8.9713743,,8.4877883,8.9713743,8.7614491,8.6141446
2034,,8.0251247,,7.3372129,8.6565715,8.5019812,9.0618786,,8.5019812,9.0618786,8.8237849,8.6565715
2035,,8.0472364,,7.3026622,8.6969078,8.5092741,9.1512871,,8.5092741,9.1512871,8.8852102,8.6969078
2036,,8.0651155,,7.2634939,8.7347399,8.5088735,9.2394391,,8.5088735,9.2394391,8.9456866,8.7347399
2037,,8.0786327,,7.220162,8.7694341,8.501045,9.3263881,,8.501045,9.3263881,9.0051526,8.7694341
2038,,8.0876015,,7.1731851,8.8006139,8.4858075,9.4121237,,8.4858075,9.4121237,9.0635729,8.8006139
2039,,8.0908391,,7.1231175,8.8281152,8.4627296,9.496477,,8.4627296,9.496477,9.1209284,8.8281152
2040,,8.0878676,,7.0705229,8.8511648,8.4320072,9.5793555,,8.4320072,9.5793555,9.1771902,8.8511648
2041,,8.0785586,,7.0159559,8.8682733,8.3927831,9.6607054,,8.3927831,9.6607054,9.2322816,8.8682733
2042,,8.0627602,,6.9599491,8.8792668,8.3435762,9.7404847,,8.3435762,9.7404847,9.2861104,8.8792668
2043,,8.039933,,6.9030041,8.8837261,8.2796381,9.8186305,,8.2796381,9.8186305,9.3386613,8.8837261
2044,,8.0100806,,6.8444986,8.8809935,8.2017215,9.8950756,,8.2017215,9.8950756,9.3898737,8.8809935
2045,,7.9733068,,6.7838816,8.8711754,8.106703,9.9697263,,8.106703,9.9697263,9.4396397,8.8711754
2046,,7.9291518,,6.7207002,8.8543437,7.9907488,10.042448,,7.9907488,10.042448,9.4878896,8.8543437
2047,,7.8768344,,6.65535,8.8305963,7.8548468,10.113051,,7.8548468,10.113051,9.534546,8.8305963
2048,,7.8109917,,6.5881917,8.7998903,7.7029179,10.181763,,7.7029179,10.181763,9.579536,8.7998903
2049,,7.7313554,,6.5196226,8.7618793,7.5357466,10.249527,,7.5357466,10.249527,9.622824,8.7618793
2050,,7.6325059,,6.4500289,8.7131112,7.3549279,10.31589,,7.3549279,10.31589,9.6643786,8.7131112
2051,,7.5140802,,6.3797615,8.6505353,7.1634844,10.380222,,7.1634844,10.380222,9.7041923,8.6505353
2052,,7.3784145,,6.3091338,8.5749896,6.9623696,10.44172,,6.9623696,10.44172,9.7422645,8.5749896
2053,,7.2251335,,6.2373697,8.4806353,6.7523886,10.500073,,6.7523886,10.500073,9.7786146,8.4806353
2054,,7.0566387,,6.1638332,8.3670829,6.537683,10.554745,,6.537683,10.554745,9.8132517,8.3670829
2055,,6.8765318,,6.0887621,8.2364977,6.3284468,10.605111,,6.3284468,10.605111,9.8462376,8.2364977
2056,,6.6894279,,6.0128774,8.0902327,6.1391974,10.6511,,6.1391974,10.6511,9.8776804,8.0902327
2057,,6.5008693,,5.936659,7.9276645,5.9584856,10.692744,,5.9584856,10.692744,9.9076372,7.9276645
2058,,6.3136983,,5.8605329,7.7519056,5.7870773,10.728781,,5.7870773,10.728781,9.9361644,7.7519056
2059,,6.1311698,,5.7843715,7.5661013,5.6250044,10.755074,,5.6250044,10.755074,9.9633371,7.5661013
2060,,5.955178,,5.7066652,7.3730647,5.4720154,10.771245,,5.4720154,10.771245,9.9892323,7.3730647
2061,,5.7867558,,5.6280323,7.1730011,5.3277391,10.776833,,5.3277391,10.776833,10.013916,7.1730011
2062,,5.62675,,5.5490087,6.9660705,5.1915472,10.77143,,5.1915472,10.77143,10.037467,6.9660705
2063,,5.4755212,,5.4699715,6.7550755,5.061361,10.754698,,5.061361,10.754698,10.05995,6.7550755
2064,,5.3329168,,5.3912193,6.5444065,4.9365829,10.726252,,4.9365829,10.726252,10.081403,6.5444065
2065,,5.1986473,,5.3130006,6.3396174,4.8170205,10.686469,,4.8170205,10.686469,10.10185,6.3396174
2066,,5.0723417,,5.2355242,6.1428639,4.7024857,10.635826,,4.7024857,10.635826,10.121317,6.1428639
2067,,4.9535773,,5.1589658,5.9552734,4.5928057,10.562807,,4.5928057,10.562807,10.139808,5.9552734
2068,,4.8410438,,5.0834721,5.7773888,4.4878391,10.442883,,4.4878391,10.442883,10.157302,5.7773888
2069,,4.7325812,,5.0091635,5.6091578,4.3873899,10.309928,,4.3873899,10.309928,10.173782,5.6091578
2070,,4.6280739,,4.936138,5.4499741,4.2913532,10.165685,,4.2913532,10.165685,10.189242,5.4499741
2071,,4.5274825,,4.8644731,5.2998035,4.1997087,10.011547,,4.1997087,10.011547,10.203682,5.2998035
2072,,4.4306246,,4.7943294,5.1584555,4.1124298,9.8448437,,4.1124298,9.8448437,10.217055,5.1584555
2073,,4.3370507,,4.726083,5.0256364,4.0294166,9.6672837,,4.0294166,9.6672837,10.229328,5.0256364
2074,,4.2467126,,4.6597038,4.9009918,3.9502665,9.4812143,,3.9502665,9.4812143,10.240485,4.9009918
2075,,4.1595614,,4.5951409,4.7840494,3.8750241,9.2888613,,3.8750241,9.2888613,10.250496,4.7840494
2076,,4.0755582,,4.5323459,4.6741981,3.8037712,9.0921492,,3.8037712,9.0921492,10.259351,4.6741981
2077,,3.9946822,,4.4712719,4.5709336,3.7365989,8.8914671,,3.7365989,8.8914671,10.267045,4.5709336
2078,,3.9169174,,4.4118726,4.4738275,3.6736276,8.6869264,,3.6736276,8.6869264,10.273556,4.4738275
2079,,3.8422529,,4.3542692,4.3825095,3.6150108,8.4804105,,3.6150108,8.4804105,10.278887,4.3825095
2080,,3.7707235,,4.2987786,4.2966877,3.5571226,8.2734887,,3.5571226,8.2734887,10.283078,4.2966877
2081,,3.7025073,,4.2452494,4.2152582,3.5023745,8.0674952,,3.5023745,8.0674952,10.286162,4.2152582
2082,,3.6377112,,4.1933863,4.1373395,3.4502141,7.866584,,3.4502141,7.866584,10.288205,4.1373395
2083,,3.5734481,,4.1430446,4.0620705,3.4008003,7.673787,,3.4008003,7.673787,10.289247,4.0620705
2084,,3.5089072,,4.094019,3.9852738,3.354139,7.4884061,,3.354139,7.4884061,10.289315,3.9852738
2085,,3.4448954,,4.0462683,3.9070245,3.3102659,7.3098879,,3.3102659,7.3098879,10.288457,3.9070245
2086,,3.382011,,3.999718,3.8276023,3.2690945,7.1377566,,3.2690945,7.1377566,10.286708,3.8276023
2087,,3.3210085,,3.9543658,3.7480137,3.1730253,6.961453,,3.1730253,6.961453,10.284111,3.7480137
2088,,3.2620996,,3.910317,3.6689492,3.057855,6.7790451,,3.057855,6.7790451,10.280705,3.6689492
2089,,3.2041973,,3.8674952,3.5910548,2.948415,6.5965673,,2.948415,6.5965673,10.276518,3.5910548
2090,,3.1474318,,3.8258367,3.515124,2.844458,6.4173674,,2.844458,6.4173674,10.271565,3.515124
2091,,3.0921455,,3.785287,3.4413865,2.7468564,6.2433941,,2.7468564,6.2433941,10.265862,3.4413865
2092,,3.0386155,,3.7457984,3.3694783,2.6574489,6.0756372,,2.6574489,6.0756372,10.259408,3.3694783
2093,,2.9870737,,3.7073288,3.2995807,2.5765373,5.9148564,,2.5765373,5.9148564,10.252185,3.2995807
2094,,2.9376652,,3.6698405,3.231846,2.5043105,5.7608536,,2.5043105,5.7608536,10.244186,3.231846
2095,,2.8905798,,3.6332993,3.1663866,2.4404307,5.6130353,,2.4404307,5.6130353,10.235404,3.1663866
2096,,2.8459169,,3.5976735,3.1033062,2.3822387,5.4709967,,2.3822387,5.4709967,10.225851,3.1033062
2097,,2.8030146,,3.5629333,3.0426985,2.3330863,5.3344393,,2.3330863,5.3344393,10.215549,3.0426985
2098,,2.7619373,,3.5289926,2.9846455,2.2874028,5.2031218,,2.2874028,5.2031218,10.20449,2.9846455
2099,,2.7227509,,3.4954587,2.9292098,2.2441632,5.0768412,,2.2441632,5.0768412,10.192689,2.9292098
2100,,2.6853316,,3.4623001,2.8763532,2.2064047,4.9554206,,2.2064047,4.9554206,10.180161,2.8763532
